run_bot.py started (long running)
heartbeat 2026-05-10 22:47:44
run_bot.py started content generator
generated C:\projects\ai\content_bot\outbox\content_20260511T042036Z_ff566760.md
uploaded result {'method': 'local', 'dest': 'C:\\projects\\ai\\content_bot\\outbox\\uploaded\\content_20260511T042036Z_ff566760.md'}
heartbeat 2026-05-10 23:20:36
generated C:\projects\ai\content_bot\outbox\content_20260511T042617Z_fc139d79.md
uploaded result {'method': 'local', 'dest': 'C:\\projects\\ai\\content_bot\\outbox\\uploaded\\content_20260511T042617Z_fc139d79.md'}
heartbeat 2026-05-10 23:26:17
generated C:\projects\ai\content_bot\outbox\content_20260511T043120Z_d5bb08f5.md
uploaded result {'method': 'local', 'dest': 'C:\\projects\\ai\\content_bot\\outbox\\uploaded\\content_20260511T043120Z_d5bb08f5.md'}
heartbeat 2026-05-10 23:31:20
generated C:\projects\ai\content_bot\outbox\content_20260511T043620Z_986245d6.md
uploaded result {'method': 'local', 'dest': 'C:\\projects\\ai\\content_bot\\outbox\\uploaded\\content_20260511T043620Z_986245d6.md'}
heartbeat 2026-05-10 23:36:20
generated C:\projects\ai\content_bot\outbox\content_20260511T044120Z_111594f3.md
uploaded result {'method': 'local', 'dest': 'C:\\projects\\ai\\content_bot\\outbox\\uploaded\\content_20260511T044120Z_111594f3.md'}
heartbeat 2026-05-10 23:41:20
generated C:\projects\ai\content_bot\outbox\content_20260511T044620Z_e25a368f.md
uploaded result {'method': 'local', 'dest': 'C:\\projects\\ai\\content_bot\\outbox\\uploaded\\content_20260511T044620Z_e25a368f.md'}
heartbeat 2026-05-10 23:46:20
generated C:\projects\ai\content_bot\outbox\content_20260511T045120Z_d347dc7c.md
uploaded result {'method': 'local', 'dest': 'C:\\projects\\ai\\content_bot\\outbox\\uploaded\\content_20260511T045120Z_d347dc7c.md'}
heartbeat 2026-05-10 23:51:20
generated C:\projects\ai\content_bot\outbox\content_20260511T045620Z_b95d49f3.md
uploaded result {'method': 'local', 'dest': 'C:\\projects\\ai\\content_bot\\outbox\\uploaded\\content_20260511T045620Z_b95d49f3.md'}
heartbeat 2026-05-10 23:56:20
generated C:\projects\ai\content_bot\outbox\content_20260511T050120Z_0965084b.md
uploaded result {'method': 'local', 'dest': 'C:\\projects\\ai\\content_bot\\outbox\\uploaded\\content_20260511T050120Z_0965084b.md'}
heartbeat 2026-05-11 00:01:20
generated C:\projects\ai\content_bot\outbox\content_20260511T050620Z_83de0b1c.md
uploaded result {'method': 'local', 'dest': 'C:\\projects\\ai\\content_bot\\outbox\\uploaded\\content_20260511T050620Z_83de0b1c.md'}
heartbeat 2026-05-11 00:06:20
generated C:\projects\ai\content_bot\outbox\content_20260511T051120Z_07b0743f.md
uploaded result {'method': 'local', 'dest': 'C:\\projects\\ai\\content_bot\\outbox\\uploaded\\content_20260511T051120Z_07b0743f.md'}
heartbeat 2026-05-11 00:11:20
generated C:\projects\ai\content_bot\outbox\content_20260511T051620Z_61312a57.md
uploaded result {'method': 'local', 'dest': 'C:\\projects\\ai\\content_bot\\outbox\\uploaded\\content_20260511T051620Z_61312a57.md'}
heartbeat 2026-05-11 00:16:20
generated C:\projects\ai\content_bot\outbox\content_20260511T052120Z_b608fda9.md
uploaded result {'method': 'local', 'dest': 'C:\\projects\\ai\\content_bot\\outbox\\uploaded\\content_20260511T052120Z_b608fda9.md'}
heartbeat 2026-05-11 00:21:20
generated C:\projects\ai\content_bot\outbox\content_20260511T052620Z_c7496379.md
uploaded result {'method': 'local', 'dest': 'C:\\projects\\ai\\content_bot\\outbox\\uploaded\\content_20260511T052620Z_c7496379.md'}
heartbeat 2026-05-11 00:26:20
generated C:\projects\ai\content_bot\outbox\content_20260511T060036Z_6127ad69.md
uploaded result {'method': 'local', 'dest': 'C:\\projects\\ai\\content_bot\\outbox\\uploaded\\content_20260511T060036Z_6127ad69.md'}
heartbeat 2026-05-11 01:00:36
generated C:\projects\ai\content_bot\outbox\content_20260511T100554Z_8a1002eb.md
uploaded result {'method': 'local', 'dest': 'C:\\projects\\ai\\content_bot\\outbox\\uploaded\\content_20260511T100554Z_8a1002eb.md'}
heartbeat 2026-05-11 05:05:54
generated C:\projects\ai\content_bot\outbox\content_20260511T123524Z_76e297f9.md
uploaded result {'method': 'local', 'dest': 'C:\\projects\\ai\\content_bot\\outbox\\uploaded\\content_20260511T123524Z_76e297f9.md'}
heartbeat 2026-05-11 07:35:24
generated C:\projects\ai\content_bot\outbox\content_20260511T130818Z_da6fc2b4.md
uploaded result {'method': 'local', 'dest': 'C:\\projects\\ai\\content_bot\\outbox\\uploaded\\content_20260511T130818Z_da6fc2b4.md'}
heartbeat 2026-05-11 08:08:18
generated C:\projects\ai\content_bot\outbox\content_20260511T131318Z_587917d9.md
uploaded result {'method': 'local', 'dest': 'C:\\projects\\ai\\content_bot\\outbox\\uploaded\\content_20260511T131318Z_587917d9.md'}
heartbeat 2026-05-11 08:13:18
generated C:\projects\ai\content_bot\outbox\content_20260511T131818Z_618c2062.md
uploaded result {'method': 'local', 'dest': 'C:\\projects\\ai\\content_bot\\outbox\\uploaded\\content_20260511T131818Z_618c2062.md'}
heartbeat 2026-05-11 08:18:18
generated C:\projects\ai\content_bot\outbox\content_20260511T132318Z_33d04b0e.md
uploaded result {'method': 'local', 'dest': 'C:\\projects\\ai\\content_bot\\outbox\\uploaded\\content_20260511T132318Z_33d04b0e.md'}
heartbeat 2026-05-11 08:23:18
generated C:\projects\ai\content_bot\outbox\content_20260511T132818Z_fb8ae5cf.md
uploaded result {'method': 'local', 'dest': 'C:\\projects\\ai\\content_bot\\outbox\\uploaded\\content_20260511T132818Z_fb8ae5cf.md'}
heartbeat 2026-05-11 08:28:18
generated C:\projects\ai\content_bot\outbox\content_20260511T133318Z_de3c9c8f.md
uploaded result {'method': 'local', 'dest': 'C:\\projects\\ai\\content_bot\\outbox\\uploaded\\content_20260511T133318Z_de3c9c8f.md'}
heartbeat 2026-05-11 08:33:18
generated C:\projects\ai\content_bot\outbox\content_20260511T133818Z_e06276ba.md
uploaded result {'method': 'local', 'dest': 'C:\\projects\\ai\\content_bot\\outbox\\uploaded\\content_20260511T133818Z_e06276ba.md'}
heartbeat 2026-05-11 08:38:18
generated C:\projects\ai\content_bot\outbox\content_20260511T134318Z_e0f0f82b.md
uploaded result {'method': 'local', 'dest': 'C:\\projects\\ai\\content_bot\\outbox\\uploaded\\content_20260511T134318Z_e0f0f82b.md'}
heartbeat 2026-05-11 08:43:18
generated C:\projects\ai\content_bot\outbox\content_20260511T134818Z_c0826028.md
uploaded result {'method': 'local', 'dest': 'C:\\projects\\ai\\content_bot\\outbox\\uploaded\\content_20260511T134818Z_c0826028.md'}
heartbeat 2026-05-11 08:48:18
generated C:\projects\ai\content_bot\outbox\content_20260511T135318Z_cf2a03b3.md
uploaded result {'method': 'local', 'dest': 'C:\\projects\\ai\\content_bot\\outbox\\uploaded\\content_20260511T135318Z_cf2a03b3.md'}
heartbeat 2026-05-11 08:53:18
generated C:\projects\ai\content_bot\outbox\content_20260511T135818Z_188af8db.md
uploaded result {'method': 'local', 'dest': 'C:\\projects\\ai\\content_bot\\outbox\\uploaded\\content_20260511T135818Z_188af8db.md'}
heartbeat 2026-05-11 08:58:18
generated C:\projects\ai\content_bot\outbox\content_20260511T140318Z_45d58d72.md
uploaded result {'method': 'local', 'dest': 'C:\\projects\\ai\\content_bot\\outbox\\uploaded\\content_20260511T140318Z_45d58d72.md'}
heartbeat 2026-05-11 09:03:18
generated C:\projects\ai\content_bot\outbox\content_20260511T140818Z_cd6f11a4.md
uploaded result {'method': 'local', 'dest': 'C:\\projects\\ai\\content_bot\\outbox\\uploaded\\content_20260511T140818Z_cd6f11a4.md'}
heartbeat 2026-05-11 09:08:18
generated C:\projects\ai\content_bot\outbox\content_20260511T141318Z_1e51055e.md
uploaded result {'method': 'local', 'dest': 'C:\\projects\\ai\\content_bot\\outbox\\uploaded\\content_20260511T141318Z_1e51055e.md'}
heartbeat 2026-05-11 09:13:18
generated C:\projects\ai\content_bot\outbox\content_20260511T141818Z_04feea28.md
uploaded result {'method': 'local', 'dest': 'C:\\projects\\ai\\content_bot\\outbox\\uploaded\\content_20260511T141818Z_04feea28.md'}
heartbeat 2026-05-11 09:18:18
generated C:\projects\ai\content_bot\outbox\content_20260511T142318Z_0f22db14.md
uploaded result {'method': 'local', 'dest': 'C:\\projects\\ai\\content_bot\\outbox\\uploaded\\content_20260511T142318Z_0f22db14.md'}
heartbeat 2026-05-11 09:23:18
generated C:\projects\ai\content_bot\outbox\content_20260511T142818Z_6b331125.md
uploaded result {'method': 'local', 'dest': 'C:\\projects\\ai\\content_bot\\outbox\\uploaded\\content_20260511T142818Z_6b331125.md'}
heartbeat 2026-05-11 09:28:18
generated C:\projects\ai\content_bot\outbox\content_20260511T143318Z_40e9b86a.md
uploaded result {'method': 'local', 'dest': 'C:\\projects\\ai\\content_bot\\outbox\\uploaded\\content_20260511T143318Z_40e9b86a.md'}
heartbeat 2026-05-11 09:33:18
generated C:\projects\ai\content_bot\outbox\content_20260511T143818Z_db01b31a.md
uploaded result {'method': 'local', 'dest': 'C:\\projects\\ai\\content_bot\\outbox\\uploaded\\content_20260511T143818Z_db01b31a.md'}
heartbeat 2026-05-11 09:38:18
generated C:\projects\ai\content_bot\outbox\content_20260511T144318Z_3ea0bd7f.md
uploaded result {'method': 'local', 'dest': 'C:\\projects\\ai\\content_bot\\outbox\\uploaded\\content_20260511T144318Z_3ea0bd7f.md'}
heartbeat 2026-05-11 09:43:18
generated C:\projects\ai\content_bot\outbox\content_20260511T144818Z_18e4c153.md
uploaded result {'method': 'local', 'dest': 'C:\\projects\\ai\\content_bot\\outbox\\uploaded\\content_20260511T144818Z_18e4c153.md'}
heartbeat 2026-05-11 09:48:18
generated C:\projects\ai\content_bot\outbox\content_20260511T145318Z_40982a45.md
uploaded result {'method': 'local', 'dest': 'C:\\projects\\ai\\content_bot\\outbox\\uploaded\\content_20260511T145318Z_40982a45.md'}
heartbeat 2026-05-11 09:53:18
generated C:\projects\ai\content_bot\outbox\content_20260511T145818Z_aee4c668.md
uploaded result {'method': 'local', 'dest': 'C:\\projects\\ai\\content_bot\\outbox\\uploaded\\content_20260511T145818Z_aee4c668.md'}
heartbeat 2026-05-11 09:58:18
generated C:\projects\ai\content_bot\outbox\content_20260511T150318Z_16f0d969.md
uploaded result {'method': 'local', 'dest': 'C:\\projects\\ai\\content_bot\\outbox\\uploaded\\content_20260511T150318Z_16f0d969.md'}
heartbeat 2026-05-11 10:03:18
generated C:\projects\ai\content_bot\outbox\content_20260511T150818Z_e497e8f0.md
uploaded result {'method': 'local', 'dest': 'C:\\projects\\ai\\content_bot\\outbox\\uploaded\\content_20260511T150818Z_e497e8f0.md'}
heartbeat 2026-05-11 10:08:18
generated C:\projects\ai\content_bot\outbox\content_20260511T151318Z_a8a40d83.md
uploaded result {'method': 'local', 'dest': 'C:\\projects\\ai\\content_bot\\outbox\\uploaded\\content_20260511T151318Z_a8a40d83.md'}
heartbeat 2026-05-11 10:13:18
generated C:\projects\ai\content_bot\outbox\content_20260511T151818Z_39221447.md
uploaded result {'method': 'local', 'dest': 'C:\\projects\\ai\\content_bot\\outbox\\uploaded\\content_20260511T151818Z_39221447.md'}
heartbeat 2026-05-11 10:18:18
generated C:\projects\ai\content_bot\outbox\content_20260511T152318Z_d71ed054.md
uploaded result {'method': 'local', 'dest': 'C:\\projects\\ai\\content_bot\\outbox\\uploaded\\content_20260511T152318Z_d71ed054.md'}
heartbeat 2026-05-11 10:23:18
generated C:\projects\ai\content_bot\outbox\content_20260511T152818Z_d222cf79.md
uploaded result {'method': 'local', 'dest': 'C:\\projects\\ai\\content_bot\\outbox\\uploaded\\content_20260511T152818Z_d222cf79.md'}
heartbeat 2026-05-11 10:28:18
generated C:\projects\ai\content_bot\outbox\content_20260511T153318Z_49323f88.md
uploaded result {'method': 'local', 'dest': 'C:\\projects\\ai\\content_bot\\outbox\\uploaded\\content_20260511T153318Z_49323f88.md'}
heartbeat 2026-05-11 10:33:18
generated C:\projects\ai\content_bot\outbox\content_20260511T153818Z_e060c04f.md
uploaded result {'method': 'local', 'dest': 'C:\\projects\\ai\\content_bot\\outbox\\uploaded\\content_20260511T153818Z_e060c04f.md'}
heartbeat 2026-05-11 10:38:18
generated C:\projects\ai\content_bot\outbox\content_20260511T154318Z_20ebb2c2.md
uploaded result {'method': 'local', 'dest': 'C:\\projects\\ai\\content_bot\\outbox\\uploaded\\content_20260511T154318Z_20ebb2c2.md'}
heartbeat 2026-05-11 10:43:18
generated C:\projects\ai\content_bot\outbox\content_20260511T154818Z_52a2e79f.md
uploaded result {'method': 'local', 'dest': 'C:\\projects\\ai\\content_bot\\outbox\\uploaded\\content_20260511T154818Z_52a2e79f.md'}
heartbeat 2026-05-11 10:48:18
generated C:\projects\ai\content_bot\outbox\content_20260511T155318Z_1c60418e.md
uploaded result {'method': 'local', 'dest': 'C:\\projects\\ai\\content_bot\\outbox\\uploaded\\content_20260511T155318Z_1c60418e.md'}
heartbeat 2026-05-11 10:53:18
generated C:\projects\ai\content_bot\outbox\content_20260511T155818Z_74cc0177.md
uploaded result {'method': 'local', 'dest': 'C:\\projects\\ai\\content_bot\\outbox\\uploaded\\content_20260511T155818Z_74cc0177.md'}
heartbeat 2026-05-11 10:58:18
generated C:\projects\ai\content_bot\outbox\content_20260511T160318Z_adabd17f.md
uploaded result {'method': 'local', 'dest': 'C:\\projects\\ai\\content_bot\\outbox\\uploaded\\content_20260511T160318Z_adabd17f.md'}
heartbeat 2026-05-11 11:03:18
generated C:\projects\ai\content_bot\outbox\content_20260511T160818Z_16007d33.md
uploaded result {'method': 'local', 'dest': 'C:\\projects\\ai\\content_bot\\outbox\\uploaded\\content_20260511T160818Z_16007d33.md'}
heartbeat 2026-05-11 11:08:18
generated C:\projects\ai\content_bot\outbox\content_20260511T161318Z_400f8f8d.md
uploaded result {'method': 'local', 'dest': 'C:\\projects\\ai\\content_bot\\outbox\\uploaded\\content_20260511T161318Z_400f8f8d.md'}
heartbeat 2026-05-11 11:13:18
generated C:\projects\ai\content_bot\outbox\content_20260511T161818Z_4dddde46.md
uploaded result {'method': 'local', 'dest': 'C:\\projects\\ai\\content_bot\\outbox\\uploaded\\content_20260511T161818Z_4dddde46.md'}
heartbeat 2026-05-11 11:18:18
generated C:\projects\ai\content_bot\outbox\content_20260511T162318Z_ac8a2b9e.md
uploaded result {'method': 'local', 'dest': 'C:\\projects\\ai\\content_bot\\outbox\\uploaded\\content_20260511T162318Z_ac8a2b9e.md'}
heartbeat 2026-05-11 11:23:18
generated C:\projects\ai\content_bot\outbox\content_20260511T162818Z_fe08c208.md
uploaded result {'method': 'local', 'dest': 'C:\\projects\\ai\\content_bot\\outbox\\uploaded\\content_20260511T162818Z_fe08c208.md'}
heartbeat 2026-05-11 11:28:18
generated C:\projects\ai\content_bot\outbox\content_20260511T163318Z_a85136e9.md
uploaded result {'method': 'local', 'dest': 'C:\\projects\\ai\\content_bot\\outbox\\uploaded\\content_20260511T163318Z_a85136e9.md'}
heartbeat 2026-05-11 11:33:18
generated C:\projects\ai\content_bot\outbox\content_20260511T163818Z_663df335.md
uploaded result {'method': 'local', 'dest': 'C:\\projects\\ai\\content_bot\\outbox\\uploaded\\content_20260511T163818Z_663df335.md'}
heartbeat 2026-05-11 11:38:18
generated C:\projects\ai\content_bot\outbox\content_20260511T164318Z_d7605c51.md
uploaded result {'method': 'local', 'dest': 'C:\\projects\\ai\\content_bot\\outbox\\uploaded\\content_20260511T164318Z_d7605c51.md'}
heartbeat 2026-05-11 11:43:18
generated C:\projects\ai\content_bot\outbox\content_20260511T164818Z_f95e8fc4.md
uploaded result {'method': 'local', 'dest': 'C:\\projects\\ai\\content_bot\\outbox\\uploaded\\content_20260511T164818Z_f95e8fc4.md'}
heartbeat 2026-05-11 11:48:18
generated C:\projects\ai\content_bot\outbox\content_20260511T165318Z_c302aa7d.md
uploaded result {'method': 'local', 'dest': 'C:\\projects\\ai\\content_bot\\outbox\\uploaded\\content_20260511T165318Z_c302aa7d.md'}
heartbeat 2026-05-11 11:53:18
generated C:\projects\ai\content_bot\outbox\content_20260511T165818Z_c6e6d9d4.md
uploaded result {'method': 'local', 'dest': 'C:\\projects\\ai\\content_bot\\outbox\\uploaded\\content_20260511T165818Z_c6e6d9d4.md'}
heartbeat 2026-05-11 11:58:18
generated C:\projects\ai\content_bot\outbox\content_20260511T170318Z_062b9284.md
uploaded result {'method': 'local', 'dest': 'C:\\projects\\ai\\content_bot\\outbox\\uploaded\\content_20260511T170318Z_062b9284.md'}
heartbeat 2026-05-11 12:03:18
generated C:\projects\ai\content_bot\outbox\content_20260511T170818Z_4698d5eb.md
uploaded result {'method': 'local', 'dest': 'C:\\projects\\ai\\content_bot\\outbox\\uploaded\\content_20260511T170818Z_4698d5eb.md'}
heartbeat 2026-05-11 12:08:18
generated C:\projects\ai\content_bot\outbox\content_20260511T171318Z_49a90a34.md
uploaded result {'method': 'local', 'dest': 'C:\\projects\\ai\\content_bot\\outbox\\uploaded\\content_20260511T171318Z_49a90a34.md'}
heartbeat 2026-05-11 12:13:18
generated C:\projects\ai\content_bot\outbox\content_20260511T171818Z_111064c9.md
uploaded result {'method': 'local', 'dest': 'C:\\projects\\ai\\content_bot\\outbox\\uploaded\\content_20260511T171818Z_111064c9.md'}
heartbeat 2026-05-11 12:18:18
generated C:\projects\ai\content_bot\outbox\content_20260511T172318Z_c1586938.md
uploaded result {'method': 'local', 'dest': 'C:\\projects\\ai\\content_bot\\outbox\\uploaded\\content_20260511T172318Z_c1586938.md'}
heartbeat 2026-05-11 12:23:19
generated C:\projects\ai\content_bot\outbox\content_20260511T172819Z_154940e5.md
uploaded result {'method': 'local', 'dest': 'C:\\projects\\ai\\content_bot\\outbox\\uploaded\\content_20260511T172819Z_154940e5.md'}
heartbeat 2026-05-11 12:28:19
generated C:\projects\ai\content_bot\outbox\content_20260511T173319Z_ee906d56.md
uploaded result {'method': 'local', 'dest': 'C:\\projects\\ai\\content_bot\\outbox\\uploaded\\content_20260511T173319Z_ee906d56.md'}
heartbeat 2026-05-11 12:33:19
generated C:\projects\ai\content_bot\outbox\content_20260511T173819Z_bec841e0.md
uploaded result {'method': 'local', 'dest': 'C:\\projects\\ai\\content_bot\\outbox\\uploaded\\content_20260511T173819Z_bec841e0.md'}
heartbeat 2026-05-11 12:38:19
generated C:\projects\ai\content_bot\outbox\content_20260511T174319Z_337e1c91.md
uploaded result {'method': 'local', 'dest': 'C:\\projects\\ai\\content_bot\\outbox\\uploaded\\content_20260511T174319Z_337e1c91.md'}
heartbeat 2026-05-11 12:43:19
generated C:\projects\ai\content_bot\outbox\content_20260511T174819Z_cc7afdcb.md
uploaded result {'method': 'local', 'dest': 'C:\\projects\\ai\\content_bot\\outbox\\uploaded\\content_20260511T174819Z_cc7afdcb.md'}
heartbeat 2026-05-11 12:48:19
generated C:\projects\ai\content_bot\outbox\content_20260511T175319Z_ba35f096.md
uploaded result {'method': 'local', 'dest': 'C:\\projects\\ai\\content_bot\\outbox\\uploaded\\content_20260511T175319Z_ba35f096.md'}
heartbeat 2026-05-11 12:53:19
generated C:\projects\ai\content_bot\outbox\content_20260511T175819Z_c286564b.md
uploaded result {'method': 'local', 'dest': 'C:\\projects\\ai\\content_bot\\outbox\\uploaded\\content_20260511T175819Z_c286564b.md'}
heartbeat 2026-05-11 12:58:19
generated C:\projects\ai\content_bot\outbox\content_20260511T180319Z_fa5f9100.md
uploaded result {'method': 'local', 'dest': 'C:\\projects\\ai\\content_bot\\outbox\\uploaded\\content_20260511T180319Z_fa5f9100.md'}
heartbeat 2026-05-11 13:03:19
generated C:\projects\ai\content_bot\outbox\content_20260511T180819Z_7d1d8688.md
uploaded result {'method': 'local', 'dest': 'C:\\projects\\ai\\content_bot\\outbox\\uploaded\\content_20260511T180819Z_7d1d8688.md'}
heartbeat 2026-05-11 13:08:19
generated C:\projects\ai\content_bot\outbox\content_20260511T181319Z_b1bf2a4c.md
uploaded result {'method': 'local', 'dest': 'C:\\projects\\ai\\content_bot\\outbox\\uploaded\\content_20260511T181319Z_b1bf2a4c.md'}
heartbeat 2026-05-11 13:13:19
generated C:\projects\ai\content_bot\outbox\content_20260511T181819Z_f695211a.md
uploaded result {'method': 'local', 'dest': 'C:\\projects\\ai\\content_bot\\outbox\\uploaded\\content_20260511T181819Z_f695211a.md'}
heartbeat 2026-05-11 13:18:19
generated C:\projects\ai\content_bot\outbox\content_20260511T182319Z_3795a3de.md
uploaded result {'method': 'local', 'dest': 'C:\\projects\\ai\\content_bot\\outbox\\uploaded\\content_20260511T182319Z_3795a3de.md'}
heartbeat 2026-05-11 13:23:19
generated C:\projects\ai\content_bot\outbox\content_20260511T182819Z_456498e8.md
uploaded result {'method': 'local', 'dest': 'C:\\projects\\ai\\content_bot\\outbox\\uploaded\\content_20260511T182819Z_456498e8.md'}
heartbeat 2026-05-11 13:28:19
generated C:\projects\ai\content_bot\outbox\content_20260511T183319Z_b60ee83f.md
uploaded result {'method': 'local', 'dest': 'C:\\projects\\ai\\content_bot\\outbox\\uploaded\\content_20260511T183319Z_b60ee83f.md'}
heartbeat 2026-05-11 13:33:19
generated C:\projects\ai\content_bot\outbox\content_20260511T183819Z_bce2073f.md
uploaded result {'method': 'local', 'dest': 'C:\\projects\\ai\\content_bot\\outbox\\uploaded\\content_20260511T183819Z_bce2073f.md'}
heartbeat 2026-05-11 13:38:19
generated C:\projects\ai\content_bot\outbox\content_20260511T184319Z_a9f70e6b.md
uploaded result {'method': 'local', 'dest': 'C:\\projects\\ai\\content_bot\\outbox\\uploaded\\content_20260511T184319Z_a9f70e6b.md'}
heartbeat 2026-05-11 13:43:19
generated C:\projects\ai\content_bot\outbox\content_20260511T184819Z_8ba032c3.md
uploaded result {'method': 'local', 'dest': 'C:\\projects\\ai\\content_bot\\outbox\\uploaded\\content_20260511T184819Z_8ba032c3.md'}
heartbeat 2026-05-11 13:48:19
generated C:\projects\ai\content_bot\outbox\content_20260511T185319Z_e0678557.md
uploaded result {'method': 'local', 'dest': 'C:\\projects\\ai\\content_bot\\outbox\\uploaded\\content_20260511T185319Z_e0678557.md'}
heartbeat 2026-05-11 13:53:19
generated C:\projects\ai\content_bot\outbox\content_20260511T185819Z_e223076e.md
uploaded result {'method': 'local', 'dest': 'C:\\projects\\ai\\content_bot\\outbox\\uploaded\\content_20260511T185819Z_e223076e.md'}
heartbeat 2026-05-11 13:58:19
generated C:\projects\ai\content_bot\outbox\content_20260511T190319Z_c8b8e79c.md
uploaded result {'method': 'local', 'dest': 'C:\\projects\\ai\\content_bot\\outbox\\uploaded\\content_20260511T190319Z_c8b8e79c.md'}
heartbeat 2026-05-11 14:03:19
generated C:\projects\ai\content_bot\outbox\content_20260511T190819Z_99015675.md
uploaded result {'method': 'local', 'dest': 'C:\\projects\\ai\\content_bot\\outbox\\uploaded\\content_20260511T190819Z_99015675.md'}
heartbeat 2026-05-11 14:08:19
generated C:\projects\ai\content_bot\outbox\content_20260511T191319Z_9bfa957b.md
uploaded result {'method': 'local', 'dest': 'C:\\projects\\ai\\content_bot\\outbox\\uploaded\\content_20260511T191319Z_9bfa957b.md'}
heartbeat 2026-05-11 14:13:19
generated C:\projects\ai\content_bot\outbox\content_20260511T191819Z_977065f3.md
uploaded result {'method': 'local', 'dest': 'C:\\projects\\ai\\content_bot\\outbox\\uploaded\\content_20260511T191819Z_977065f3.md'}
heartbeat 2026-05-11 14:18:19
generated C:\projects\ai\content_bot\outbox\content_20260511T192319Z_4e1e0ab9.md
uploaded result {'method': 'local', 'dest': 'C:\\projects\\ai\\content_bot\\outbox\\uploaded\\content_20260511T192319Z_4e1e0ab9.md'}
heartbeat 2026-05-11 14:23:19
generated C:\projects\ai\content_bot\outbox\content_20260511T192819Z_949692e2.md
uploaded result {'method': 'local', 'dest': 'C:\\projects\\ai\\content_bot\\outbox\\uploaded\\content_20260511T192819Z_949692e2.md'}
heartbeat 2026-05-11 14:28:19
generated C:\projects\ai\content_bot\outbox\content_20260511T193319Z_41847b99.md
uploaded result {'method': 'local', 'dest': 'C:\\projects\\ai\\content_bot\\outbox\\uploaded\\content_20260511T193319Z_41847b99.md'}
heartbeat 2026-05-11 14:33:19
generated C:\projects\ai\content_bot\outbox\content_20260511T193819Z_a5da9dd8.md
uploaded result {'method': 'local', 'dest': 'C:\\projects\\ai\\content_bot\\outbox\\uploaded\\content_20260511T193819Z_a5da9dd8.md'}
heartbeat 2026-05-11 14:38:19
generated C:\projects\ai\content_bot\outbox\content_20260511T194319Z_6ac8fddc.md
uploaded result {'method': 'local', 'dest': 'C:\\projects\\ai\\content_bot\\outbox\\uploaded\\content_20260511T194319Z_6ac8fddc.md'}
heartbeat 2026-05-11 14:43:19
generated C:\projects\ai\content_bot\outbox\content_20260511T194819Z_9798dfed.md
uploaded result {'method': 'local', 'dest': 'C:\\projects\\ai\\content_bot\\outbox\\uploaded\\content_20260511T194819Z_9798dfed.md'}
heartbeat 2026-05-11 14:48:19
generated C:\projects\ai\content_bot\outbox\content_20260511T195319Z_2a6766ff.md
uploaded result {'method': 'local', 'dest': 'C:\\projects\\ai\\content_bot\\outbox\\uploaded\\content_20260511T195319Z_2a6766ff.md'}
heartbeat 2026-05-11 14:53:19
generated C:\projects\ai\content_bot\outbox\content_20260511T195819Z_3610ff28.md
uploaded result {'method': 'local', 'dest': 'C:\\projects\\ai\\content_bot\\outbox\\uploaded\\content_20260511T195819Z_3610ff28.md'}
heartbeat 2026-05-11 14:58:19
generated C:\projects\ai\content_bot\outbox\content_20260511T200319Z_0b102b23.md
uploaded result {'method': 'local', 'dest': 'C:\\projects\\ai\\content_bot\\outbox\\uploaded\\content_20260511T200319Z_0b102b23.md'}
heartbeat 2026-05-11 15:03:19
generated C:\projects\ai\content_bot\outbox\content_20260511T200819Z_df01fede.md
uploaded result {'method': 'local', 'dest': 'C:\\projects\\ai\\content_bot\\outbox\\uploaded\\content_20260511T200819Z_df01fede.md'}
heartbeat 2026-05-11 15:08:19
generated C:\projects\ai\content_bot\outbox\content_20260511T201319Z_8122009f.md
uploaded result {'method': 'local', 'dest': 'C:\\projects\\ai\\content_bot\\outbox\\uploaded\\content_20260511T201319Z_8122009f.md'}
heartbeat 2026-05-11 15:13:19
generated C:\projects\ai\content_bot\outbox\content_20260511T201819Z_e7a97e4d.md
uploaded result {'method': 'local', 'dest': 'C:\\projects\\ai\\content_bot\\outbox\\uploaded\\content_20260511T201819Z_e7a97e4d.md'}
heartbeat 2026-05-11 15:18:19
generated C:\projects\ai\content_bot\outbox\content_20260511T202319Z_539816ab.md
uploaded result {'method': 'local', 'dest': 'C:\\projects\\ai\\content_bot\\outbox\\uploaded\\content_20260511T202319Z_539816ab.md'}
heartbeat 2026-05-11 15:23:19
generated C:\projects\ai\content_bot\outbox\content_20260511T202819Z_4e98d1fa.md
uploaded result {'method': 'local', 'dest': 'C:\\projects\\ai\\content_bot\\outbox\\uploaded\\content_20260511T202819Z_4e98d1fa.md'}
heartbeat 2026-05-11 15:28:19
generated C:\projects\ai\content_bot\outbox\content_20260511T203319Z_80d7c757.md
uploaded result {'method': 'local', 'dest': 'C:\\projects\\ai\\content_bot\\outbox\\uploaded\\content_20260511T203319Z_80d7c757.md'}
heartbeat 2026-05-11 15:33:19
generated C:\projects\ai\content_bot\outbox\content_20260511T203819Z_d011744f.md
uploaded result {'method': 'local', 'dest': 'C:\\projects\\ai\\content_bot\\outbox\\uploaded\\content_20260511T203819Z_d011744f.md'}
heartbeat 2026-05-11 15:38:19
generated C:\projects\ai\content_bot\outbox\content_20260511T204319Z_e910b772.md
uploaded result {'method': 'local', 'dest': 'C:\\projects\\ai\\content_bot\\outbox\\uploaded\\content_20260511T204319Z_e910b772.md'}
heartbeat 2026-05-11 15:43:19
generated C:\projects\ai\content_bot\outbox\content_20260511T204819Z_aa47e9bf.md
uploaded result {'method': 'local', 'dest': 'C:\\projects\\ai\\content_bot\\outbox\\uploaded\\content_20260511T204819Z_aa47e9bf.md'}
heartbeat 2026-05-11 15:48:19
generated C:\projects\ai\content_bot\outbox\content_20260511T205319Z_40f8159c.md
uploaded result {'method': 'local', 'dest': 'C:\\projects\\ai\\content_bot\\outbox\\uploaded\\content_20260511T205319Z_40f8159c.md'}
heartbeat 2026-05-11 15:53:19
generated C:\projects\ai\content_bot\outbox\content_20260511T205819Z_cf7148fe.md
uploaded result {'method': 'local', 'dest': 'C:\\projects\\ai\\content_bot\\outbox\\uploaded\\content_20260511T205819Z_cf7148fe.md'}
heartbeat 2026-05-11 15:58:19
generated C:\projects\ai\content_bot\outbox\content_20260511T210319Z_c9099a5e.md
uploaded result {'method': 'local', 'dest': 'C:\\projects\\ai\\content_bot\\outbox\\uploaded\\content_20260511T210319Z_c9099a5e.md'}
heartbeat 2026-05-11 16:03:19
generated C:\projects\ai\content_bot\outbox\content_20260511T210819Z_24dc4f1a.md
uploaded result {'method': 'local', 'dest': 'C:\\projects\\ai\\content_bot\\outbox\\uploaded\\content_20260511T210819Z_24dc4f1a.md'}
heartbeat 2026-05-11 16:08:19
generated C:\projects\ai\content_bot\outbox\content_20260511T211319Z_69aeeb2f.md
uploaded result {'method': 'local', 'dest': 'C:\\projects\\ai\\content_bot\\outbox\\uploaded\\content_20260511T211319Z_69aeeb2f.md'}
heartbeat 2026-05-11 16:13:19
generated C:\projects\ai\content_bot\outbox\content_20260511T211819Z_acc13460.md
uploaded result {'method': 'local', 'dest': 'C:\\projects\\ai\\content_bot\\outbox\\uploaded\\content_20260511T211819Z_acc13460.md'}
heartbeat 2026-05-11 16:18:19
generated C:\projects\ai\content_bot\outbox\content_20260511T212319Z_a0a8496a.md
uploaded result {'method': 'local', 'dest': 'C:\\projects\\ai\\content_bot\\outbox\\uploaded\\content_20260511T212319Z_a0a8496a.md'}
heartbeat 2026-05-11 16:23:19
generated C:\projects\ai\content_bot\outbox\content_20260511T212819Z_acd9298d.md
uploaded result {'method': 'local', 'dest': 'C:\\projects\\ai\\content_bot\\outbox\\uploaded\\content_20260511T212819Z_acd9298d.md'}
heartbeat 2026-05-11 16:28:19
generated C:\projects\ai\content_bot\outbox\content_20260511T213319Z_6e657ca1.md
uploaded result {'method': 'local', 'dest': 'C:\\projects\\ai\\content_bot\\outbox\\uploaded\\content_20260511T213319Z_6e657ca1.md'}
heartbeat 2026-05-11 16:33:19
run_bot.py started content generator
generated C:\projects\ai\content_bot\outbox\content_20260511T213447Z_f1bcb090.md
uploaded result {'method': 'local', 'dest': 'C:\\projects\\ai\\content_bot\\outbox\\uploaded\\content_20260511T213447Z_f1bcb090.md'}
heartbeat 2026-05-11 16:34:47
generated C:\projects\ai\content_bot\outbox\content_20260511T213947Z_cb866e0c.md
uploaded result {'method': 'local', 'dest': 'C:\\projects\\ai\\content_bot\\outbox\\uploaded\\content_20260511T213947Z_cb866e0c.md'}
heartbeat 2026-05-11 16:39:47
generated C:\projects\ai\content_bot\outbox\content_20260511T214447Z_c5a6e262.md
uploaded result {'method': 'local', 'dest': 'C:\\projects\\ai\\content_bot\\outbox\\uploaded\\content_20260511T214447Z_c5a6e262.md'}
heartbeat 2026-05-11 16:44:47
generated C:\projects\ai\content_bot\outbox\content_20260511T214947Z_1dee5eb5.md
uploaded result {'method': 'local', 'dest': 'C:\\projects\\ai\\content_bot\\outbox\\uploaded\\content_20260511T214947Z_1dee5eb5.md'}
heartbeat 2026-05-11 16:49:47
generated C:\projects\ai\content_bot\outbox\content_20260511T215447Z_a9565d77.md
uploaded result {'method': 'local', 'dest': 'C:\\projects\\ai\\content_bot\\outbox\\uploaded\\content_20260511T215447Z_a9565d77.md'}
heartbeat 2026-05-11 16:54:47
generated C:\projects\ai\content_bot\outbox\content_20260511T215947Z_294739ac.md
uploaded result {'method': 'local', 'dest': 'C:\\projects\\ai\\content_bot\\outbox\\uploaded\\content_20260511T215947Z_294739ac.md'}
heartbeat 2026-05-11 16:59:47
generated C:\projects\ai\content_bot\outbox\content_20260511T220447Z_4fca0b01.md
uploaded result {'method': 'local', 'dest': 'C:\\projects\\ai\\content_bot\\outbox\\uploaded\\content_20260511T220447Z_4fca0b01.md'}
heartbeat 2026-05-11 17:04:47
generated C:\projects\ai\content_bot\outbox\content_20260511T220947Z_e6f9e0fc.md
uploaded result {'method': 'local', 'dest': 'C:\\projects\\ai\\content_bot\\outbox\\uploaded\\content_20260511T220947Z_e6f9e0fc.md'}
heartbeat 2026-05-11 17:09:47
generated C:\projects\ai\content_bot\outbox\content_20260511T221447Z_135dd70b.md
uploaded result {'method': 'local', 'dest': 'C:\\projects\\ai\\content_bot\\outbox\\uploaded\\content_20260511T221447Z_135dd70b.md'}
heartbeat 2026-05-11 17:14:47
generated C:\projects\ai\content_bot\outbox\content_20260511T221947Z_35ed59ef.md
uploaded result {'method': 'local', 'dest': 'C:\\projects\\ai\\content_bot\\outbox\\uploaded\\content_20260511T221947Z_35ed59ef.md'}
heartbeat 2026-05-11 17:19:47
generated C:\projects\ai\content_bot\outbox\content_20260511T222447Z_dfce35fe.md
uploaded result {'method': 'local', 'dest': 'C:\\projects\\ai\\content_bot\\outbox\\uploaded\\content_20260511T222447Z_dfce35fe.md'}
heartbeat 2026-05-11 17:24:47
generated C:\projects\ai\content_bot\outbox\content_20260511T222947Z_a43a7075.md
uploaded result {'method': 'local', 'dest': 'C:\\projects\\ai\\content_bot\\outbox\\uploaded\\content_20260511T222947Z_a43a7075.md'}
heartbeat 2026-05-11 17:29:47
generated C:\projects\ai\content_bot\outbox\content_20260511T223447Z_aa2ddc1b.md
uploaded result {'method': 'local', 'dest': 'C:\\projects\\ai\\content_bot\\outbox\\uploaded\\content_20260511T223447Z_aa2ddc1b.md'}
heartbeat 2026-05-11 17:34:47
generated C:\projects\ai\content_bot\outbox\content_20260511T223947Z_ef585c34.md
uploaded result {'method': 'local', 'dest': 'C:\\projects\\ai\\content_bot\\outbox\\uploaded\\content_20260511T223947Z_ef585c34.md'}
heartbeat 2026-05-11 17:39:47
generated C:\projects\ai\content_bot\outbox\content_20260511T224447Z_affd9157.md
uploaded result {'method': 'local', 'dest': 'C:\\projects\\ai\\content_bot\\outbox\\uploaded\\content_20260511T224447Z_affd9157.md'}
heartbeat 2026-05-11 17:44:47
generated C:\projects\ai\content_bot\outbox\content_20260511T224947Z_e360f5b3.md
uploaded result {'method': 'local', 'dest': 'C:\\projects\\ai\\content_bot\\outbox\\uploaded\\content_20260511T224947Z_e360f5b3.md'}
heartbeat 2026-05-11 17:49:47
generated C:\projects\ai\content_bot\outbox\content_20260511T225447Z_9ca4bfd8.md
uploaded result {'method': 'local', 'dest': 'C:\\projects\\ai\\content_bot\\outbox\\uploaded\\content_20260511T225447Z_9ca4bfd8.md'}
heartbeat 2026-05-11 17:54:47
generated C:\projects\ai\content_bot\outbox\content_20260511T225947Z_122f9195.md
uploaded result {'method': 'local', 'dest': 'C:\\projects\\ai\\content_bot\\outbox\\uploaded\\content_20260511T225947Z_122f9195.md'}
heartbeat 2026-05-11 17:59:47
generated C:\projects\ai\content_bot\outbox\content_20260511T230446Z_8646c542.md
uploaded result {'method': 'local', 'dest': 'C:\\projects\\ai\\content_bot\\outbox\\uploaded\\content_20260511T230446Z_8646c542.md'}
heartbeat 2026-05-11 18:04:46
generated C:\projects\ai\content_bot\outbox\content_20260511T230946Z_72ea2980.md
uploaded result {'method': 'local', 'dest': 'C:\\projects\\ai\\content_bot\\outbox\\uploaded\\content_20260511T230946Z_72ea2980.md'}
heartbeat 2026-05-11 18:09:46
generated C:\projects\ai\content_bot\outbox\content_20260511T231446Z_1c65abd9.md
uploaded result {'method': 'local', 'dest': 'C:\\projects\\ai\\content_bot\\outbox\\uploaded\\content_20260511T231446Z_1c65abd9.md'}
heartbeat 2026-05-11 18:14:46
generated C:\projects\ai\content_bot\outbox\content_20260511T231946Z_2867fc5c.md
uploaded result {'method': 'local', 'dest': 'C:\\projects\\ai\\content_bot\\outbox\\uploaded\\content_20260511T231946Z_2867fc5c.md'}
heartbeat 2026-05-11 18:19:46
generated C:\projects\ai\content_bot\outbox\content_20260511T232446Z_893cbfc8.md
uploaded result {'method': 'local', 'dest': 'C:\\projects\\ai\\content_bot\\outbox\\uploaded\\content_20260511T232446Z_893cbfc8.md'}
heartbeat 2026-05-11 18:24:46
generated C:\projects\ai\content_bot\outbox\content_20260511T232946Z_212d2c7a.md
uploaded result {'method': 'local', 'dest': 'C:\\projects\\ai\\content_bot\\outbox\\uploaded\\content_20260511T232946Z_212d2c7a.md'}
heartbeat 2026-05-11 18:29:46
generated C:\projects\ai\content_bot\outbox\content_20260511T233446Z_ec0827b8.md
uploaded result {'method': 'local', 'dest': 'C:\\projects\\ai\\content_bot\\outbox\\uploaded\\content_20260511T233446Z_ec0827b8.md'}
heartbeat 2026-05-11 18:34:46
generated C:\projects\ai\content_bot\outbox\content_20260511T233946Z_2f994e86.md
uploaded result {'method': 'local', 'dest': 'C:\\projects\\ai\\content_bot\\outbox\\uploaded\\content_20260511T233946Z_2f994e86.md'}
heartbeat 2026-05-11 18:39:46
generated C:\projects\ai\content_bot\outbox\content_20260511T234446Z_8b0bcdf5.md
uploaded result {'method': 'local', 'dest': 'C:\\projects\\ai\\content_bot\\outbox\\uploaded\\content_20260511T234446Z_8b0bcdf5.md'}
heartbeat 2026-05-11 18:44:46
generated C:\projects\ai\content_bot\outbox\content_20260511T234946Z_cdc8963e.md
uploaded result {'method': 'local', 'dest': 'C:\\projects\\ai\\content_bot\\outbox\\uploaded\\content_20260511T234946Z_cdc8963e.md'}
heartbeat 2026-05-11 18:49:46
generated C:\projects\ai\content_bot\outbox\content_20260511T235446Z_2a9d9479.md
uploaded result {'method': 'local', 'dest': 'C:\\projects\\ai\\content_bot\\outbox\\uploaded\\content_20260511T235446Z_2a9d9479.md'}
heartbeat 2026-05-11 18:54:46
generated C:\projects\ai\content_bot\outbox\content_20260511T235946Z_106dee3e.md
uploaded result {'method': 'local', 'dest': 'C:\\projects\\ai\\content_bot\\outbox\\uploaded\\content_20260511T235946Z_106dee3e.md'}
heartbeat 2026-05-11 18:59:46
generated C:\projects\ai\content_bot\outbox\content_20260512T000446Z_b116cd0e.md
uploaded result {'method': 'local', 'dest': 'C:\\projects\\ai\\content_bot\\outbox\\uploaded\\content_20260512T000446Z_b116cd0e.md'}
heartbeat 2026-05-11 19:04:46
generated C:\projects\ai\content_bot\outbox\content_20260512T000946Z_dd76a3ed.md
uploaded result {'method': 'local', 'dest': 'C:\\projects\\ai\\content_bot\\outbox\\uploaded\\content_20260512T000946Z_dd76a3ed.md'}
heartbeat 2026-05-11 19:09:46
generated C:\projects\ai\content_bot\outbox\content_20260512T001446Z_efe30801.md
uploaded result {'method': 'local', 'dest': 'C:\\projects\\ai\\content_bot\\outbox\\uploaded\\content_20260512T001446Z_efe30801.md'}
heartbeat 2026-05-11 19:14:46
generated C:\projects\ai\content_bot\outbox\content_20260512T001946Z_24d408eb.md
uploaded result {'method': 'local', 'dest': 'C:\\projects\\ai\\content_bot\\outbox\\uploaded\\content_20260512T001946Z_24d408eb.md'}
heartbeat 2026-05-11 19:19:46
generated C:\projects\ai\content_bot\outbox\content_20260512T002446Z_cbec445b.md
uploaded result {'method': 'local', 'dest': 'C:\\projects\\ai\\content_bot\\outbox\\uploaded\\content_20260512T002446Z_cbec445b.md'}
heartbeat 2026-05-11 19:24:46
generated C:\projects\ai\content_bot\outbox\content_20260512T002946Z_ea67c7d0.md
uploaded result {'method': 'local', 'dest': 'C:\\projects\\ai\\content_bot\\outbox\\uploaded\\content_20260512T002946Z_ea67c7d0.md'}
heartbeat 2026-05-11 19:29:46
generated C:\projects\ai\content_bot\outbox\content_20260512T003446Z_4e799ab1.md
uploaded result {'method': 'local', 'dest': 'C:\\projects\\ai\\content_bot\\outbox\\uploaded\\content_20260512T003446Z_4e799ab1.md'}
heartbeat 2026-05-11 19:34:46
generated C:\projects\ai\content_bot\outbox\content_20260512T003946Z_8b08d497.md
uploaded result {'method': 'local', 'dest': 'C:\\projects\\ai\\content_bot\\outbox\\uploaded\\content_20260512T003946Z_8b08d497.md'}
heartbeat 2026-05-11 19:39:46
generated C:\projects\ai\content_bot\outbox\content_20260512T004446Z_2be1de1f.md
uploaded result {'method': 'local', 'dest': 'C:\\projects\\ai\\content_bot\\outbox\\uploaded\\content_20260512T004446Z_2be1de1f.md'}
heartbeat 2026-05-11 19:44:46
generated C:\projects\ai\content_bot\outbox\content_20260512T004946Z_8e2f227b.md
uploaded result {'method': 'local', 'dest': 'C:\\projects\\ai\\content_bot\\outbox\\uploaded\\content_20260512T004946Z_8e2f227b.md'}
heartbeat 2026-05-11 19:49:46
generated C:\projects\ai\content_bot\outbox\content_20260512T005446Z_a23d5142.md
uploaded result {'method': 'local', 'dest': 'C:\\projects\\ai\\content_bot\\outbox\\uploaded\\content_20260512T005446Z_a23d5142.md'}
heartbeat 2026-05-11 19:54:46
generated C:\projects\ai\content_bot\outbox\content_20260512T005946Z_c6467c86.md
uploaded result {'method': 'local', 'dest': 'C:\\projects\\ai\\content_bot\\outbox\\uploaded\\content_20260512T005946Z_c6467c86.md'}
heartbeat 2026-05-11 19:59:46
generated C:\projects\ai\content_bot\outbox\content_20260512T010446Z_a65aadaf.md
uploaded result {'method': 'local', 'dest': 'C:\\projects\\ai\\content_bot\\outbox\\uploaded\\content_20260512T010446Z_a65aadaf.md'}
heartbeat 2026-05-11 20:04:46
generated C:\projects\ai\content_bot\outbox\content_20260512T010946Z_77447585.md
uploaded result {'method': 'local', 'dest': 'C:\\projects\\ai\\content_bot\\outbox\\uploaded\\content_20260512T010946Z_77447585.md'}
heartbeat 2026-05-11 20:09:46
generated C:\projects\ai\content_bot\outbox\content_20260512T011446Z_360b2969.md
uploaded result {'method': 'local', 'dest': 'C:\\projects\\ai\\content_bot\\outbox\\uploaded\\content_20260512T011446Z_360b2969.md'}
heartbeat 2026-05-11 20:14:46
generated C:\projects\ai\content_bot\outbox\content_20260512T011946Z_91f3db45.md
uploaded result {'method': 'local', 'dest': 'C:\\projects\\ai\\content_bot\\outbox\\uploaded\\content_20260512T011946Z_91f3db45.md'}
heartbeat 2026-05-11 20:19:46
generated C:\projects\ai\content_bot\outbox\content_20260512T012446Z_1a4e41ba.md
uploaded result {'method': 'local', 'dest': 'C:\\projects\\ai\\content_bot\\outbox\\uploaded\\content_20260512T012446Z_1a4e41ba.md'}
heartbeat 2026-05-11 20:24:46
generated C:\projects\ai\content_bot\outbox\content_20260512T012946Z_057a9bfb.md
uploaded result {'method': 'local', 'dest': 'C:\\projects\\ai\\content_bot\\outbox\\uploaded\\content_20260512T012946Z_057a9bfb.md'}
heartbeat 2026-05-11 20:29:46
generated C:\projects\ai\content_bot\outbox\content_20260512T013446Z_5af16fb3.md
uploaded result {'method': 'local', 'dest': 'C:\\projects\\ai\\content_bot\\outbox\\uploaded\\content_20260512T013446Z_5af16fb3.md'}
heartbeat 2026-05-11 20:34:46
generated C:\projects\ai\content_bot\outbox\content_20260512T013946Z_26a3b092.md
uploaded result {'method': 'local', 'dest': 'C:\\projects\\ai\\content_bot\\outbox\\uploaded\\content_20260512T013946Z_26a3b092.md'}
heartbeat 2026-05-11 20:39:46
generated C:\projects\ai\content_bot\outbox\content_20260512T014446Z_93910c44.md
uploaded result {'method': 'local', 'dest': 'C:\\projects\\ai\\content_bot\\outbox\\uploaded\\content_20260512T014446Z_93910c44.md'}
heartbeat 2026-05-11 20:44:46
generated C:\projects\ai\content_bot\outbox\content_20260512T014946Z_86db8e47.md
uploaded result {'method': 'local', 'dest': 'C:\\projects\\ai\\content_bot\\outbox\\uploaded\\content_20260512T014946Z_86db8e47.md'}
heartbeat 2026-05-11 20:49:46
generated C:\projects\ai\content_bot\outbox\content_20260512T015446Z_e300b05b.md
uploaded result {'method': 'local', 'dest': 'C:\\projects\\ai\\content_bot\\outbox\\uploaded\\content_20260512T015446Z_e300b05b.md'}
heartbeat 2026-05-11 20:54:46
generated C:\projects\ai\content_bot\outbox\content_20260512T015946Z_8bf36816.md
uploaded result {'method': 'local', 'dest': 'C:\\projects\\ai\\content_bot\\outbox\\uploaded\\content_20260512T015946Z_8bf36816.md'}
heartbeat 2026-05-11 20:59:46
generated C:\projects\ai\content_bot\outbox\content_20260512T020446Z_d9e6bd3a.md
uploaded result {'method': 'local', 'dest': 'C:\\projects\\ai\\content_bot\\outbox\\uploaded\\content_20260512T020446Z_d9e6bd3a.md'}
heartbeat 2026-05-11 21:04:46
generated C:\projects\ai\content_bot\outbox\content_20260512T020946Z_4a1db0ac.md
uploaded result {'method': 'local', 'dest': 'C:\\projects\\ai\\content_bot\\outbox\\uploaded\\content_20260512T020946Z_4a1db0ac.md'}
heartbeat 2026-05-11 21:09:46
generated C:\projects\ai\content_bot\outbox\content_20260512T021446Z_8fb414ab.md
uploaded result {'method': 'local', 'dest': 'C:\\projects\\ai\\content_bot\\outbox\\uploaded\\content_20260512T021446Z_8fb414ab.md'}
heartbeat 2026-05-11 21:14:46
generated C:\projects\ai\content_bot\outbox\content_20260512T021946Z_fed4e28a.md
uploaded result {'method': 'local', 'dest': 'C:\\projects\\ai\\content_bot\\outbox\\uploaded\\content_20260512T021946Z_fed4e28a.md'}
heartbeat 2026-05-11 21:19:46
generated C:\projects\ai\content_bot\outbox\content_20260512T022446Z_ed17d834.md
uploaded result {'method': 'local', 'dest': 'C:\\projects\\ai\\content_bot\\outbox\\uploaded\\content_20260512T022446Z_ed17d834.md'}
heartbeat 2026-05-11 21:24:46
generated C:\projects\ai\content_bot\outbox\content_20260512T022946Z_ca019155.md
uploaded result {'method': 'local', 'dest': 'C:\\projects\\ai\\content_bot\\outbox\\uploaded\\content_20260512T022946Z_ca019155.md'}
heartbeat 2026-05-11 21:29:46
generated C:\projects\ai\content_bot\outbox\content_20260512T023446Z_6c2ead6b.md
uploaded result {'method': 'local', 'dest': 'C:\\projects\\ai\\content_bot\\outbox\\uploaded\\content_20260512T023446Z_6c2ead6b.md'}
heartbeat 2026-05-11 21:34:46
generated C:\projects\ai\content_bot\outbox\content_20260512T023946Z_83931e97.md
uploaded result {'method': 'local', 'dest': 'C:\\projects\\ai\\content_bot\\outbox\\uploaded\\content_20260512T023946Z_83931e97.md'}
heartbeat 2026-05-11 21:39:46
generated C:\projects\ai\content_bot\outbox\content_20260512T024446Z_ad5a782d.md
uploaded result {'method': 'local', 'dest': 'C:\\projects\\ai\\content_bot\\outbox\\uploaded\\content_20260512T024446Z_ad5a782d.md'}
heartbeat 2026-05-11 21:44:46
generated C:\projects\ai\content_bot\outbox\content_20260512T024946Z_c391407f.md
uploaded result {'method': 'local', 'dest': 'C:\\projects\\ai\\content_bot\\outbox\\uploaded\\content_20260512T024946Z_c391407f.md'}
heartbeat 2026-05-11 21:49:46
run_bot.py started content generator
generated C:\projects\ai\content_bot\outbox\content_20260512T025214Z_f0f052ce.md
uploaded result {'method': 'local', 'dest': 'C:\\projects\\ai\\content_bot\\outbox\\uploaded\\content_20260512T025214Z_f0f052ce.md'}
heartbeat 2026-05-11 21:52:14
generated C:\projects\ai\content_bot\outbox\content_20260512T025714Z_a14b3bc1.md
uploaded result {'method': 'local', 'dest': 'C:\\projects\\ai\\content_bot\\outbox\\uploaded\\content_20260512T025714Z_a14b3bc1.md'}
heartbeat 2026-05-11 21:57:14
run_bot.py started content generator
generated C:\projects\ai\content_bot\outbox\content_20260512T025842Z_ee5d973e.md
uploaded result {'method': 'local', 'dest': 'C:\\projects\\ai\\content_bot\\outbox\\uploaded\\content_20260512T025842Z_ee5d973e.md'}
heartbeat 2026-05-11 21:58:42
run_bot.py started content generator
generated C:\projects\ai\content_bot\outbox\content_20260512T030004Z_f11822e7.md
uploaded result {'method': 'local', 'dest': 'C:\\projects\\ai\\content_bot\\outbox\\uploaded\\content_20260512T030004Z_f11822e7.md'}
heartbeat 2026-05-11 22:00:04
generated C:\projects\ai\content_bot\outbox\content_20260512T030504Z_7a9548c5.md
uploaded result {'method': 'local', 'dest': 'C:\\projects\\ai\\content_bot\\outbox\\uploaded\\content_20260512T030504Z_7a9548c5.md'}
heartbeat 2026-05-11 22:05:04
run_bot.py started content generator
generated C:\projects\ai\content_bot\outbox\content_20260512T030836Z_1db914e2.md
uploaded result {'method': 'local', 'dest': 'C:\\projects\\ai\\content_bot\\outbox\\uploaded\\content_20260512T030836Z_1db914e2.md'}
heartbeat 2026-05-11 22:08:36
generated C:\projects\ai\content_bot\outbox\content_20260512T031336Z_8811253c.md
uploaded result {'method': 'local', 'dest': 'C:\\projects\\ai\\content_bot\\outbox\\uploaded\\content_20260512T031336Z_8811253c.md'}
heartbeat 2026-05-11 22:13:36
generated C:\projects\ai\content_bot\outbox\content_20260512T031836Z_ff449bfd.md
uploaded result {'method': 'local', 'dest': 'C:\\projects\\ai\\content_bot\\outbox\\uploaded\\content_20260512T031836Z_ff449bfd.md'}
heartbeat 2026-05-11 22:18:36
generated C:\projects\ai\content_bot\outbox\content_20260512T032336Z_aed2ec13.md
uploaded result {'method': 'local', 'dest': 'C:\\projects\\ai\\content_bot\\outbox\\uploaded\\content_20260512T032336Z_aed2ec13.md'}
heartbeat 2026-05-11 22:23:36
generated C:\projects\ai\content_bot\outbox\content_20260512T032836Z_42188519.md
uploaded result {'method': 'local', 'dest': 'C:\\projects\\ai\\content_bot\\outbox\\uploaded\\content_20260512T032836Z_42188519.md'}
heartbeat 2026-05-11 22:28:36
generated C:\projects\ai\content_bot\outbox\content_20260512T033336Z_180651ba.md
uploaded result {'method': 'local', 'dest': 'C:\\projects\\ai\\content_bot\\outbox\\uploaded\\content_20260512T033336Z_180651ba.md'}
heartbeat 2026-05-11 22:33:36
generated C:\projects\ai\content_bot\outbox\content_20260512T033836Z_9e4df1b8.md
uploaded result {'method': 'local', 'dest': 'C:\\projects\\ai\\content_bot\\outbox\\uploaded\\content_20260512T033836Z_9e4df1b8.md'}
heartbeat 2026-05-11 22:38:36
generated C:\projects\ai\content_bot\outbox\content_20260512T034336Z_741586c0.md
uploaded result {'method': 'local', 'dest': 'C:\\projects\\ai\\content_bot\\outbox\\uploaded\\content_20260512T034336Z_741586c0.md'}
heartbeat 2026-05-11 22:43:36
generated C:\projects\ai\content_bot\outbox\content_20260512T034836Z_6357c6b8.md
uploaded result {'method': 'local', 'dest': 'C:\\projects\\ai\\content_bot\\outbox\\uploaded\\content_20260512T034836Z_6357c6b8.md'}
heartbeat 2026-05-11 22:48:36
generated C:\projects\ai\content_bot\outbox\content_20260512T035336Z_0af8e226.md
uploaded result {'method': 'local', 'dest': 'C:\\projects\\ai\\content_bot\\outbox\\uploaded\\content_20260512T035336Z_0af8e226.md'}
heartbeat 2026-05-11 22:53:36
generated C:\projects\ai\content_bot\outbox\content_20260512T035836Z_850b0680.md
uploaded result {'method': 'local', 'dest': 'C:\\projects\\ai\\content_bot\\outbox\\uploaded\\content_20260512T035836Z_850b0680.md'}
heartbeat 2026-05-11 22:58:36
generated C:\projects\ai\content_bot\outbox\content_20260512T040336Z_83f403c1.md
uploaded result {'method': 'local', 'dest': 'C:\\projects\\ai\\content_bot\\outbox\\uploaded\\content_20260512T040336Z_83f403c1.md'}
heartbeat 2026-05-11 23:03:36
generated C:\projects\ai\content_bot\outbox\content_20260512T040836Z_10a78b48.md
uploaded result {'method': 'local', 'dest': 'C:\\projects\\ai\\content_bot\\outbox\\uploaded\\content_20260512T040836Z_10a78b48.md'}
heartbeat 2026-05-11 23:08:36
generated C:\projects\ai\content_bot\outbox\content_20260512T041336Z_720997ef.md
uploaded result {'method': 'local', 'dest': 'C:\\projects\\ai\\content_bot\\outbox\\uploaded\\content_20260512T041336Z_720997ef.md'}
heartbeat 2026-05-11 23:13:36
generated C:\projects\ai\content_bot\outbox\content_20260512T041836Z_5d441c19.md
uploaded result {'method': 'local', 'dest': 'C:\\projects\\ai\\content_bot\\outbox\\uploaded\\content_20260512T041836Z_5d441c19.md'}
heartbeat 2026-05-11 23:18:36
generated C:\projects\ai\content_bot\outbox\content_20260512T042336Z_e7fc33d9.md
uploaded result {'method': 'local', 'dest': 'C:\\projects\\ai\\content_bot\\outbox\\uploaded\\content_20260512T042336Z_e7fc33d9.md'}
heartbeat 2026-05-11 23:23:36
generated C:\projects\ai\content_bot\outbox\content_20260512T042836Z_f516e48b.md
uploaded result {'method': 'local', 'dest': 'C:\\projects\\ai\\content_bot\\outbox\\uploaded\\content_20260512T042836Z_f516e48b.md'}
heartbeat 2026-05-11 23:28:36
generated C:\projects\ai\content_bot\outbox\content_20260512T043336Z_8228118f.md
uploaded result {'method': 'local', 'dest': 'C:\\projects\\ai\\content_bot\\outbox\\uploaded\\content_20260512T043336Z_8228118f.md'}
heartbeat 2026-05-11 23:33:36
generated C:\projects\ai\content_bot\outbox\content_20260512T043836Z_974fefe1.md
uploaded result {'method': 'local', 'dest': 'C:\\projects\\ai\\content_bot\\outbox\\uploaded\\content_20260512T043836Z_974fefe1.md'}
heartbeat 2026-05-11 23:38:36
generated C:\projects\ai\content_bot\outbox\content_20260512T044336Z_39305c02.md
uploaded result {'method': 'local', 'dest': 'C:\\projects\\ai\\content_bot\\outbox\\uploaded\\content_20260512T044336Z_39305c02.md'}
heartbeat 2026-05-11 23:43:36
generated C:\projects\ai\content_bot\outbox\content_20260512T044836Z_452f9329.md
uploaded result {'method': 'local', 'dest': 'C:\\projects\\ai\\content_bot\\outbox\\uploaded\\content_20260512T044836Z_452f9329.md'}
heartbeat 2026-05-11 23:48:36
generated C:\projects\ai\content_bot\outbox\content_20260512T045336Z_5faaa26c.md
uploaded result {'method': 'local', 'dest': 'C:\\projects\\ai\\content_bot\\outbox\\uploaded\\content_20260512T045336Z_5faaa26c.md'}
heartbeat 2026-05-11 23:53:36
generated C:\projects\ai\content_bot\outbox\content_20260512T045836Z_136c7063.md
uploaded result {'method': 'local', 'dest': 'C:\\projects\\ai\\content_bot\\outbox\\uploaded\\content_20260512T045836Z_136c7063.md'}
heartbeat 2026-05-11 23:58:36
generated C:\projects\ai\content_bot\outbox\content_20260512T050336Z_29a51c16.md
uploaded result {'method': 'local', 'dest': 'C:\\projects\\ai\\content_bot\\outbox\\uploaded\\content_20260512T050336Z_29a51c16.md'}
heartbeat 2026-05-12 00:03:36
generated C:\projects\ai\content_bot\outbox\content_20260512T050836Z_a732b531.md
uploaded result {'method': 'local', 'dest': 'C:\\projects\\ai\\content_bot\\outbox\\uploaded\\content_20260512T050836Z_a732b531.md'}
heartbeat 2026-05-12 00:08:36
generated C:\projects\ai\content_bot\outbox\content_20260512T051336Z_affa5aae.md
uploaded result {'method': 'local', 'dest': 'C:\\projects\\ai\\content_bot\\outbox\\uploaded\\content_20260512T051336Z_affa5aae.md'}
heartbeat 2026-05-12 00:13:36
generated C:\projects\ai\content_bot\outbox\content_20260512T051836Z_63dfcc24.md
uploaded result {'method': 'local', 'dest': 'C:\\projects\\ai\\content_bot\\outbox\\uploaded\\content_20260512T051836Z_63dfcc24.md'}
heartbeat 2026-05-12 00:18:36
generated C:\projects\ai\content_bot\outbox\content_20260512T052336Z_8dafefee.md
uploaded result {'method': 'local', 'dest': 'C:\\projects\\ai\\content_bot\\outbox\\uploaded\\content_20260512T052336Z_8dafefee.md'}
heartbeat 2026-05-12 00:23:36
generated C:\projects\ai\content_bot\outbox\content_20260512T052836Z_d1861489.md
uploaded result {'method': 'local', 'dest': 'C:\\projects\\ai\\content_bot\\outbox\\uploaded\\content_20260512T052836Z_d1861489.md'}
heartbeat 2026-05-12 00:28:36
generated C:\projects\ai\content_bot\outbox\content_20260512T053336Z_c1d08444.md
uploaded result {'method': 'local', 'dest': 'C:\\projects\\ai\\content_bot\\outbox\\uploaded\\content_20260512T053336Z_c1d08444.md'}
heartbeat 2026-05-12 00:33:36
generated C:\projects\ai\content_bot\outbox\content_20260512T053836Z_340858d9.md
uploaded result {'method': 'local', 'dest': 'C:\\projects\\ai\\content_bot\\outbox\\uploaded\\content_20260512T053836Z_340858d9.md'}
heartbeat 2026-05-12 00:38:36
generated C:\projects\ai\content_bot\outbox\content_20260512T054336Z_356fa369.md
uploaded result {'method': 'local', 'dest': 'C:\\projects\\ai\\content_bot\\outbox\\uploaded\\content_20260512T054336Z_356fa369.md'}
heartbeat 2026-05-12 00:43:36
generated C:\projects\ai\content_bot\outbox\content_20260512T054836Z_426aa7a3.md
uploaded result {'method': 'local', 'dest': 'C:\\projects\\ai\\content_bot\\outbox\\uploaded\\content_20260512T054836Z_426aa7a3.md'}
heartbeat 2026-05-12 00:48:36
generated C:\projects\ai\content_bot\outbox\content_20260512T055336Z_7190b119.md
uploaded result {'method': 'local', 'dest': 'C:\\projects\\ai\\content_bot\\outbox\\uploaded\\content_20260512T055336Z_7190b119.md'}
heartbeat 2026-05-12 00:53:36
generated C:\projects\ai\content_bot\outbox\content_20260512T055836Z_c7709828.md
uploaded result {'method': 'local', 'dest': 'C:\\projects\\ai\\content_bot\\outbox\\uploaded\\content_20260512T055836Z_c7709828.md'}
heartbeat 2026-05-12 00:58:36
generated C:\projects\ai\content_bot\outbox\content_20260512T060336Z_c19a1fb2.md
uploaded result {'method': 'local', 'dest': 'C:\\projects\\ai\\content_bot\\outbox\\uploaded\\content_20260512T060336Z_c19a1fb2.md'}
heartbeat 2026-05-12 01:03:36
generated C:\projects\ai\content_bot\outbox\content_20260512T060836Z_202959cd.md
uploaded result {'method': 'local', 'dest': 'C:\\projects\\ai\\content_bot\\outbox\\uploaded\\content_20260512T060836Z_202959cd.md'}
heartbeat 2026-05-12 01:08:36
generated C:\projects\ai\content_bot\outbox\content_20260512T061336Z_97a7ecde.md
uploaded result {'method': 'local', 'dest': 'C:\\projects\\ai\\content_bot\\outbox\\uploaded\\content_20260512T061336Z_97a7ecde.md'}
heartbeat 2026-05-12 01:13:36
generated C:\projects\ai\content_bot\outbox\content_20260512T061836Z_8913a81d.md
uploaded result {'method': 'local', 'dest': 'C:\\projects\\ai\\content_bot\\outbox\\uploaded\\content_20260512T061836Z_8913a81d.md'}
heartbeat 2026-05-12 01:18:36
generated C:\projects\ai\content_bot\outbox\content_20260512T062336Z_89776f65.md
uploaded result {'method': 'local', 'dest': 'C:\\projects\\ai\\content_bot\\outbox\\uploaded\\content_20260512T062336Z_89776f65.md'}
heartbeat 2026-05-12 01:23:36
generated C:\projects\ai\content_bot\outbox\content_20260512T062836Z_413198f9.md
uploaded result {'method': 'local', 'dest': 'C:\\projects\\ai\\content_bot\\outbox\\uploaded\\content_20260512T062836Z_413198f9.md'}
heartbeat 2026-05-12 01:28:36
generated C:\projects\ai\content_bot\outbox\content_20260512T063336Z_4ac782ea.md
uploaded result {'method': 'local', 'dest': 'C:\\projects\\ai\\content_bot\\outbox\\uploaded\\content_20260512T063336Z_4ac782ea.md'}
heartbeat 2026-05-12 01:33:36
generated C:\projects\ai\content_bot\outbox\content_20260512T063836Z_213be835.md
uploaded result {'method': 'local', 'dest': 'C:\\projects\\ai\\content_bot\\outbox\\uploaded\\content_20260512T063836Z_213be835.md'}
heartbeat 2026-05-12 01:38:36
generated C:\projects\ai\content_bot\outbox\content_20260512T064336Z_4c853a24.md
uploaded result {'method': 'local', 'dest': 'C:\\projects\\ai\\content_bot\\outbox\\uploaded\\content_20260512T064336Z_4c853a24.md'}
heartbeat 2026-05-12 01:43:36
generated C:\projects\ai\content_bot\outbox\content_20260512T064836Z_cc05721c.md
uploaded result {'method': 'local', 'dest': 'C:\\projects\\ai\\content_bot\\outbox\\uploaded\\content_20260512T064836Z_cc05721c.md'}
heartbeat 2026-05-12 01:48:36
generated C:\projects\ai\content_bot\outbox\content_20260512T065336Z_324783d9.md
uploaded result {'method': 'local', 'dest': 'C:\\projects\\ai\\content_bot\\outbox\\uploaded\\content_20260512T065336Z_324783d9.md'}
heartbeat 2026-05-12 01:53:36
generated C:\projects\ai\content_bot\outbox\content_20260512T065836Z_5cb8129b.md
uploaded result {'method': 'local', 'dest': 'C:\\projects\\ai\\content_bot\\outbox\\uploaded\\content_20260512T065836Z_5cb8129b.md'}
heartbeat 2026-05-12 01:58:36
generated C:\projects\ai\content_bot\outbox\content_20260512T070336Z_d347c066.md
uploaded result {'method': 'local', 'dest': 'C:\\projects\\ai\\content_bot\\outbox\\uploaded\\content_20260512T070336Z_d347c066.md'}
heartbeat 2026-05-12 02:03:36
generated C:\projects\ai\content_bot\outbox\content_20260512T070836Z_005c9fb3.md
uploaded result {'method': 'local', 'dest': 'C:\\projects\\ai\\content_bot\\outbox\\uploaded\\content_20260512T070836Z_005c9fb3.md'}
heartbeat 2026-05-12 02:08:36
generated C:\projects\ai\content_bot\outbox\content_20260512T071336Z_49bb4394.md
uploaded result {'method': 'local', 'dest': 'C:\\projects\\ai\\content_bot\\outbox\\uploaded\\content_20260512T071336Z_49bb4394.md'}
heartbeat 2026-05-12 02:13:36
generated C:\projects\ai\content_bot\outbox\content_20260512T071836Z_6d8c1db0.md
uploaded result {'method': 'local', 'dest': 'C:\\projects\\ai\\content_bot\\outbox\\uploaded\\content_20260512T071836Z_6d8c1db0.md'}
heartbeat 2026-05-12 02:18:36
generated C:\projects\ai\content_bot\outbox\content_20260512T082604Z_136994c4.md
uploaded result {'method': 'local', 'dest': 'C:\\projects\\ai\\content_bot\\outbox\\uploaded\\content_20260512T082604Z_136994c4.md'}
heartbeat 2026-05-12 03:26:04
generated C:\projects\ai\content_bot\outbox\content_20260512T083104Z_2468b9bd.md
uploaded result {'method': 'local', 'dest': 'C:\\projects\\ai\\content_bot\\outbox\\uploaded\\content_20260512T083104Z_2468b9bd.md'}
heartbeat 2026-05-12 03:31:04
generated C:\projects\ai\content_bot\outbox\content_20260512T083604Z_82342fe1.md
uploaded result {'method': 'local', 'dest': 'C:\\projects\\ai\\content_bot\\outbox\\uploaded\\content_20260512T083604Z_82342fe1.md'}
heartbeat 2026-05-12 03:36:04
generated C:\projects\ai\content_bot\outbox\content_20260512T084104Z_68f27137.md
uploaded result {'method': 'local', 'dest': 'C:\\projects\\ai\\content_bot\\outbox\\uploaded\\content_20260512T084104Z_68f27137.md'}
heartbeat 2026-05-12 03:41:04
generated C:\projects\ai\content_bot\outbox\content_20260512T123527Z_c92bcdec.md
uploaded result {'method': 'local', 'dest': 'C:\\projects\\ai\\content_bot\\outbox\\uploaded\\content_20260512T123527Z_c92bcdec.md'}
heartbeat 2026-05-12 07:35:27
generated C:\projects\ai\content_bot\outbox\content_20260512T130557Z_c0b8aaa0.md
uploaded result {'method': 'local', 'dest': 'C:\\projects\\ai\\content_bot\\outbox\\uploaded\\content_20260512T130557Z_c0b8aaa0.md'}
heartbeat 2026-05-12 08:05:57
generated C:\projects\ai\content_bot\outbox\content_20260512T131057Z_2cb6f745.md
uploaded result {'method': 'local', 'dest': 'C:\\projects\\ai\\content_bot\\outbox\\uploaded\\content_20260512T131057Z_2cb6f745.md'}
heartbeat 2026-05-12 08:10:57
generated C:\projects\ai\content_bot\outbox\content_20260512T131557Z_cc49d347.md
uploaded result {'method': 'local', 'dest': 'C:\\projects\\ai\\content_bot\\outbox\\uploaded\\content_20260512T131557Z_cc49d347.md'}
heartbeat 2026-05-12 08:15:57
generated C:\projects\ai\content_bot\outbox\content_20260512T132057Z_c6930605.md
uploaded result {'method': 'local', 'dest': 'C:\\projects\\ai\\content_bot\\outbox\\uploaded\\content_20260512T132057Z_c6930605.md'}
heartbeat 2026-05-12 08:20:57
generated C:\projects\ai\content_bot\outbox\content_20260512T132557Z_bf6fe519.md
uploaded result {'method': 'local', 'dest': 'C:\\projects\\ai\\content_bot\\outbox\\uploaded\\content_20260512T132557Z_bf6fe519.md'}
heartbeat 2026-05-12 08:25:57
generated C:\projects\ai\content_bot\outbox\content_20260512T133057Z_ed0e2ea8.md
uploaded result {'method': 'local', 'dest': 'C:\\projects\\ai\\content_bot\\outbox\\uploaded\\content_20260512T133057Z_ed0e2ea8.md'}
heartbeat 2026-05-12 08:30:57
generated C:\projects\ai\content_bot\outbox\content_20260512T133557Z_786fcf09.md
uploaded result {'method': 'local', 'dest': 'C:\\projects\\ai\\content_bot\\outbox\\uploaded\\content_20260512T133557Z_786fcf09.md'}
heartbeat 2026-05-12 08:35:57
generated C:\projects\ai\content_bot\outbox\content_20260512T134057Z_68f3d3de.md
uploaded result {'method': 'local', 'dest': 'C:\\projects\\ai\\content_bot\\outbox\\uploaded\\content_20260512T134057Z_68f3d3de.md'}
heartbeat 2026-05-12 08:40:57
generated C:\projects\ai\content_bot\outbox\content_20260512T134557Z_6ced81b6.md
uploaded result {'method': 'local', 'dest': 'C:\\projects\\ai\\content_bot\\outbox\\uploaded\\content_20260512T134557Z_6ced81b6.md'}
heartbeat 2026-05-12 08:45:57
generated C:\projects\ai\content_bot\outbox\content_20260512T135057Z_9fa9b9c4.md
uploaded result {'method': 'local', 'dest': 'C:\\projects\\ai\\content_bot\\outbox\\uploaded\\content_20260512T135057Z_9fa9b9c4.md'}
heartbeat 2026-05-12 08:50:57
generated C:\projects\ai\content_bot\outbox\content_20260512T135557Z_f7f7641e.md
uploaded result {'method': 'local', 'dest': 'C:\\projects\\ai\\content_bot\\outbox\\uploaded\\content_20260512T135557Z_f7f7641e.md'}
heartbeat 2026-05-12 08:55:57
generated C:\projects\ai\content_bot\outbox\content_20260512T140057Z_277cad32.md
uploaded result {'method': 'local', 'dest': 'C:\\projects\\ai\\content_bot\\outbox\\uploaded\\content_20260512T140057Z_277cad32.md'}
heartbeat 2026-05-12 09:00:57
generated C:\projects\ai\content_bot\outbox\content_20260512T140557Z_485fded7.md
uploaded result {'method': 'local', 'dest': 'C:\\projects\\ai\\content_bot\\outbox\\uploaded\\content_20260512T140557Z_485fded7.md'}
heartbeat 2026-05-12 09:05:57
generated C:\projects\ai\content_bot\outbox\content_20260512T141057Z_93ba4131.md
uploaded result {'method': 'local', 'dest': 'C:\\projects\\ai\\content_bot\\outbox\\uploaded\\content_20260512T141057Z_93ba4131.md'}
heartbeat 2026-05-12 09:10:57
generated C:\projects\ai\content_bot\outbox\content_20260512T141557Z_d385093e.md
uploaded result {'method': 'local', 'dest': 'C:\\projects\\ai\\content_bot\\outbox\\uploaded\\content_20260512T141557Z_d385093e.md'}
heartbeat 2026-05-12 09:15:57
generated C:\projects\ai\content_bot\outbox\content_20260512T142057Z_f631edc5.md
uploaded result {'method': 'local', 'dest': 'C:\\projects\\ai\\content_bot\\outbox\\uploaded\\content_20260512T142057Z_f631edc5.md'}
heartbeat 2026-05-12 09:20:57
generated C:\projects\ai\content_bot\outbox\content_20260512T142557Z_d9aea6da.md
uploaded result {'method': 'local', 'dest': 'C:\\projects\\ai\\content_bot\\outbox\\uploaded\\content_20260512T142557Z_d9aea6da.md'}
heartbeat 2026-05-12 09:25:57
generated C:\projects\ai\content_bot\outbox\content_20260512T143057Z_c357abe5.md
uploaded result {'method': 'local', 'dest': 'C:\\projects\\ai\\content_bot\\outbox\\uploaded\\content_20260512T143057Z_c357abe5.md'}
heartbeat 2026-05-12 09:30:57
generated C:\projects\ai\content_bot\outbox\content_20260512T143557Z_6f58b589.md
uploaded result {'method': 'local', 'dest': 'C:\\projects\\ai\\content_bot\\outbox\\uploaded\\content_20260512T143557Z_6f58b589.md'}
heartbeat 2026-05-12 09:35:57
generated C:\projects\ai\content_bot\outbox\content_20260512T144057Z_ed240412.md
uploaded result {'method': 'local', 'dest': 'C:\\projects\\ai\\content_bot\\outbox\\uploaded\\content_20260512T144057Z_ed240412.md'}
heartbeat 2026-05-12 09:40:57
generated C:\projects\ai\content_bot\outbox\content_20260512T144557Z_27d24db9.md
uploaded result {'method': 'local', 'dest': 'C:\\projects\\ai\\content_bot\\outbox\\uploaded\\content_20260512T144557Z_27d24db9.md'}
heartbeat 2026-05-12 09:45:57
generated C:\projects\ai\content_bot\outbox\content_20260512T145057Z_7f72ef92.md
uploaded result {'method': 'local', 'dest': 'C:\\projects\\ai\\content_bot\\outbox\\uploaded\\content_20260512T145057Z_7f72ef92.md'}
heartbeat 2026-05-12 09:50:57
generated C:\projects\ai\content_bot\outbox\content_20260512T145557Z_c39ff5c7.md
uploaded result {'method': 'local', 'dest': 'C:\\projects\\ai\\content_bot\\outbox\\uploaded\\content_20260512T145557Z_c39ff5c7.md'}
heartbeat 2026-05-12 09:55:57
generated C:\projects\ai\content_bot\outbox\content_20260512T150057Z_abc1cded.md
uploaded result {'method': 'local', 'dest': 'C:\\projects\\ai\\content_bot\\outbox\\uploaded\\content_20260512T150057Z_abc1cded.md'}
heartbeat 2026-05-12 10:00:57
generated C:\projects\ai\content_bot\outbox\content_20260512T150557Z_3c1f2b78.md
uploaded result {'method': 'local', 'dest': 'C:\\projects\\ai\\content_bot\\outbox\\uploaded\\content_20260512T150557Z_3c1f2b78.md'}
heartbeat 2026-05-12 10:05:57
generated C:\projects\ai\content_bot\outbox\content_20260512T151057Z_471f2877.md
uploaded result {'method': 'local', 'dest': 'C:\\projects\\ai\\content_bot\\outbox\\uploaded\\content_20260512T151057Z_471f2877.md'}
heartbeat 2026-05-12 10:10:57
generated C:\projects\ai\content_bot\outbox\content_20260512T151557Z_817e7e76.md
uploaded result {'method': 'local', 'dest': 'C:\\projects\\ai\\content_bot\\outbox\\uploaded\\content_20260512T151557Z_817e7e76.md'}
heartbeat 2026-05-12 10:15:57
generated C:\projects\ai\content_bot\outbox\content_20260512T152057Z_e5a67ce1.md
uploaded result {'method': 'local', 'dest': 'C:\\projects\\ai\\content_bot\\outbox\\uploaded\\content_20260512T152057Z_e5a67ce1.md'}
heartbeat 2026-05-12 10:20:57
generated C:\projects\ai\content_bot\outbox\content_20260512T152557Z_a0b476d7.md
uploaded result {'method': 'local', 'dest': 'C:\\projects\\ai\\content_bot\\outbox\\uploaded\\content_20260512T152557Z_a0b476d7.md'}
heartbeat 2026-05-12 10:25:57
generated C:\projects\ai\content_bot\outbox\content_20260512T153057Z_30b4e23d.md
uploaded result {'method': 'local', 'dest': 'C:\\projects\\ai\\content_bot\\outbox\\uploaded\\content_20260512T153057Z_30b4e23d.md'}
heartbeat 2026-05-12 10:30:57
generated C:\projects\ai\content_bot\outbox\content_20260512T153557Z_9e764514.md
uploaded result {'method': 'local', 'dest': 'C:\\projects\\ai\\content_bot\\outbox\\uploaded\\content_20260512T153557Z_9e764514.md'}
heartbeat 2026-05-12 10:35:57
generated C:\projects\ai\content_bot\outbox\content_20260512T154057Z_99e31ad2.md
uploaded result {'method': 'local', 'dest': 'C:\\projects\\ai\\content_bot\\outbox\\uploaded\\content_20260512T154057Z_99e31ad2.md'}
heartbeat 2026-05-12 10:40:57
generated C:\projects\ai\content_bot\outbox\content_20260512T154557Z_246403ce.md
uploaded result {'method': 'local', 'dest': 'C:\\projects\\ai\\content_bot\\outbox\\uploaded\\content_20260512T154557Z_246403ce.md'}
heartbeat 2026-05-12 10:45:57
generated C:\projects\ai\content_bot\outbox\content_20260512T155057Z_528419ae.md
uploaded result {'method': 'local', 'dest': 'C:\\projects\\ai\\content_bot\\outbox\\uploaded\\content_20260512T155057Z_528419ae.md'}
heartbeat 2026-05-12 10:50:57
generated C:\projects\ai\content_bot\outbox\content_20260512T155557Z_9face650.md
uploaded result {'method': 'local', 'dest': 'C:\\projects\\ai\\content_bot\\outbox\\uploaded\\content_20260512T155557Z_9face650.md'}
heartbeat 2026-05-12 10:55:57
generated C:\projects\ai\content_bot\outbox\content_20260512T160057Z_63418124.md
uploaded result {'method': 'local', 'dest': 'C:\\projects\\ai\\content_bot\\outbox\\uploaded\\content_20260512T160057Z_63418124.md'}
heartbeat 2026-05-12 11:00:57
generated C:\projects\ai\content_bot\outbox\content_20260512T160557Z_ee2f0195.md
uploaded result {'method': 'local', 'dest': 'C:\\projects\\ai\\content_bot\\outbox\\uploaded\\content_20260512T160557Z_ee2f0195.md'}
heartbeat 2026-05-12 11:05:57
generated C:\projects\ai\content_bot\outbox\content_20260512T161057Z_f99542c3.md
uploaded result {'method': 'local', 'dest': 'C:\\projects\\ai\\content_bot\\outbox\\uploaded\\content_20260512T161057Z_f99542c3.md'}
heartbeat 2026-05-12 11:10:57
generated C:\projects\ai\content_bot\outbox\content_20260512T161557Z_b25c58fe.md
uploaded result {'method': 'local', 'dest': 'C:\\projects\\ai\\content_bot\\outbox\\uploaded\\content_20260512T161557Z_b25c58fe.md'}
heartbeat 2026-05-12 11:15:57
generated C:\projects\ai\content_bot\outbox\content_20260512T162057Z_430dae70.md
uploaded result {'method': 'local', 'dest': 'C:\\projects\\ai\\content_bot\\outbox\\uploaded\\content_20260512T162057Z_430dae70.md'}
heartbeat 2026-05-12 11:20:57
generated C:\projects\ai\content_bot\outbox\content_20260512T162557Z_b05ab406.md
uploaded result {'method': 'local', 'dest': 'C:\\projects\\ai\\content_bot\\outbox\\uploaded\\content_20260512T162557Z_b05ab406.md'}
heartbeat 2026-05-12 11:25:57
generated C:\projects\ai\content_bot\outbox\content_20260512T163057Z_630c70bd.md
uploaded result {'method': 'local', 'dest': 'C:\\projects\\ai\\content_bot\\outbox\\uploaded\\content_20260512T163057Z_630c70bd.md'}
heartbeat 2026-05-12 11:30:57
generated C:\projects\ai\content_bot\outbox\content_20260512T163557Z_99c70b75.md
uploaded result {'method': 'local', 'dest': 'C:\\projects\\ai\\content_bot\\outbox\\uploaded\\content_20260512T163557Z_99c70b75.md'}
heartbeat 2026-05-12 11:35:57
generated C:\projects\ai\content_bot\outbox\content_20260512T164057Z_460adb12.md
uploaded result {'method': 'local', 'dest': 'C:\\projects\\ai\\content_bot\\outbox\\uploaded\\content_20260512T164057Z_460adb12.md'}
heartbeat 2026-05-12 11:40:57
generated C:\projects\ai\content_bot\outbox\content_20260512T164557Z_c29ef040.md
uploaded result {'method': 'local', 'dest': 'C:\\projects\\ai\\content_bot\\outbox\\uploaded\\content_20260512T164557Z_c29ef040.md'}
heartbeat 2026-05-12 11:45:57
generated C:\projects\ai\content_bot\outbox\content_20260512T165057Z_009760e3.md
uploaded result {'method': 'local', 'dest': 'C:\\projects\\ai\\content_bot\\outbox\\uploaded\\content_20260512T165057Z_009760e3.md'}
heartbeat 2026-05-12 11:50:57
generated C:\projects\ai\content_bot\outbox\content_20260512T165557Z_ed850cd3.md
uploaded result {'method': 'local', 'dest': 'C:\\projects\\ai\\content_bot\\outbox\\uploaded\\content_20260512T165557Z_ed850cd3.md'}
heartbeat 2026-05-12 11:55:57
generated C:\projects\ai\content_bot\outbox\content_20260512T170057Z_95e57cb4.md
uploaded result {'method': 'local', 'dest': 'C:\\projects\\ai\\content_bot\\outbox\\uploaded\\content_20260512T170057Z_95e57cb4.md'}
heartbeat 2026-05-12 12:00:57
generated C:\projects\ai\content_bot\outbox\content_20260512T170557Z_2a5b5310.md
uploaded result {'method': 'local', 'dest': 'C:\\projects\\ai\\content_bot\\outbox\\uploaded\\content_20260512T170557Z_2a5b5310.md'}
heartbeat 2026-05-12 12:05:57
generated C:\projects\ai\content_bot\outbox\content_20260512T171057Z_99b39824.md
uploaded result {'method': 'local', 'dest': 'C:\\projects\\ai\\content_bot\\outbox\\uploaded\\content_20260512T171057Z_99b39824.md'}
heartbeat 2026-05-12 12:10:57
generated C:\projects\ai\content_bot\outbox\content_20260512T171557Z_041f5bc8.md
uploaded result {'method': 'local', 'dest': 'C:\\projects\\ai\\content_bot\\outbox\\uploaded\\content_20260512T171557Z_041f5bc8.md'}
heartbeat 2026-05-12 12:15:57
generated C:\projects\ai\content_bot\outbox\content_20260512T172057Z_335a8cf5.md
uploaded result {'method': 'local', 'dest': 'C:\\projects\\ai\\content_bot\\outbox\\uploaded\\content_20260512T172057Z_335a8cf5.md'}
heartbeat 2026-05-12 12:20:57
generated C:\projects\ai\content_bot\outbox\content_20260512T172557Z_298640d3.md
uploaded result {'method': 'local', 'dest': 'C:\\projects\\ai\\content_bot\\outbox\\uploaded\\content_20260512T172557Z_298640d3.md'}
heartbeat 2026-05-12 12:25:57
generated C:\projects\ai\content_bot\outbox\content_20260512T173057Z_a611e9a0.md
uploaded result {'method': 'local', 'dest': 'C:\\projects\\ai\\content_bot\\outbox\\uploaded\\content_20260512T173057Z_a611e9a0.md'}
heartbeat 2026-05-12 12:30:57
generated C:\projects\ai\content_bot\outbox\content_20260512T173557Z_84f077a6.md
uploaded result {'method': 'local', 'dest': 'C:\\projects\\ai\\content_bot\\outbox\\uploaded\\content_20260512T173557Z_84f077a6.md'}
heartbeat 2026-05-12 12:35:57
generated C:\projects\ai\content_bot\outbox\content_20260512T174057Z_2fda60e8.md
uploaded result {'method': 'local', 'dest': 'C:\\projects\\ai\\content_bot\\outbox\\uploaded\\content_20260512T174057Z_2fda60e8.md'}
heartbeat 2026-05-12 12:40:57
generated C:\projects\ai\content_bot\outbox\content_20260512T174556Z_028ea804.md
uploaded result {'method': 'local', 'dest': 'C:\\projects\\ai\\content_bot\\outbox\\uploaded\\content_20260512T174556Z_028ea804.md'}
heartbeat 2026-05-12 12:45:56
generated C:\projects\ai\content_bot\outbox\content_20260512T175056Z_56f0cc55.md
uploaded result {'method': 'local', 'dest': 'C:\\projects\\ai\\content_bot\\outbox\\uploaded\\content_20260512T175056Z_56f0cc55.md'}
heartbeat 2026-05-12 12:50:56
generated C:\projects\ai\content_bot\outbox\content_20260512T175556Z_8b354b9b.md
uploaded result {'method': 'local', 'dest': 'C:\\projects\\ai\\content_bot\\outbox\\uploaded\\content_20260512T175556Z_8b354b9b.md'}
heartbeat 2026-05-12 12:55:56
generated C:\projects\ai\content_bot\outbox\content_20260512T180056Z_d29c615b.md
uploaded result {'method': 'local', 'dest': 'C:\\projects\\ai\\content_bot\\outbox\\uploaded\\content_20260512T180056Z_d29c615b.md'}
heartbeat 2026-05-12 13:00:56
generated C:\projects\ai\content_bot\outbox\content_20260512T180556Z_5a5ea3e7.md
uploaded result {'method': 'local', 'dest': 'C:\\projects\\ai\\content_bot\\outbox\\uploaded\\content_20260512T180556Z_5a5ea3e7.md'}
heartbeat 2026-05-12 13:05:56
generated C:\projects\ai\content_bot\outbox\content_20260512T181056Z_f108058c.md
uploaded result {'method': 'local', 'dest': 'C:\\projects\\ai\\content_bot\\outbox\\uploaded\\content_20260512T181056Z_f108058c.md'}
heartbeat 2026-05-12 13:10:56
generated C:\projects\ai\content_bot\outbox\content_20260512T181556Z_2acd0156.md
uploaded result {'method': 'local', 'dest': 'C:\\projects\\ai\\content_bot\\outbox\\uploaded\\content_20260512T181556Z_2acd0156.md'}
heartbeat 2026-05-12 13:15:56
generated C:\projects\ai\content_bot\outbox\content_20260512T182056Z_63f4eec3.md
uploaded result {'method': 'local', 'dest': 'C:\\projects\\ai\\content_bot\\outbox\\uploaded\\content_20260512T182056Z_63f4eec3.md'}
heartbeat 2026-05-12 13:20:56
generated C:\projects\ai\content_bot\outbox\content_20260512T182556Z_4ca816c9.md
uploaded result {'method': 'local', 'dest': 'C:\\projects\\ai\\content_bot\\outbox\\uploaded\\content_20260512T182556Z_4ca816c9.md'}
heartbeat 2026-05-12 13:25:56
generated C:\projects\ai\content_bot\outbox\content_20260512T183056Z_24241d76.md
uploaded result {'method': 'local', 'dest': 'C:\\projects\\ai\\content_bot\\outbox\\uploaded\\content_20260512T183056Z_24241d76.md'}
heartbeat 2026-05-12 13:30:56
generated C:\projects\ai\content_bot\outbox\content_20260512T183556Z_0b70686b.md
uploaded result {'method': 'local', 'dest': 'C:\\projects\\ai\\content_bot\\outbox\\uploaded\\content_20260512T183556Z_0b70686b.md'}
heartbeat 2026-05-12 13:35:56
generated C:\projects\ai\content_bot\outbox\content_20260512T184056Z_49005794.md
uploaded result {'method': 'local', 'dest': 'C:\\projects\\ai\\content_bot\\outbox\\uploaded\\content_20260512T184056Z_49005794.md'}
heartbeat 2026-05-12 13:40:56
generated C:\projects\ai\content_bot\outbox\content_20260512T184556Z_9ad7e528.md
uploaded result {'method': 'local', 'dest': 'C:\\projects\\ai\\content_bot\\outbox\\uploaded\\content_20260512T184556Z_9ad7e528.md'}
heartbeat 2026-05-12 13:45:56
generated C:\projects\ai\content_bot\outbox\content_20260512T185056Z_ccb54582.md
uploaded result {'method': 'local', 'dest': 'C:\\projects\\ai\\content_bot\\outbox\\uploaded\\content_20260512T185056Z_ccb54582.md'}
heartbeat 2026-05-12 13:50:56
generated C:\projects\ai\content_bot\outbox\content_20260512T185556Z_c4a04c77.md
uploaded result {'method': 'local', 'dest': 'C:\\projects\\ai\\content_bot\\outbox\\uploaded\\content_20260512T185556Z_c4a04c77.md'}
heartbeat 2026-05-12 13:55:56
generated C:\projects\ai\content_bot\outbox\content_20260512T190056Z_6e7bfaad.md
uploaded result {'method': 'local', 'dest': 'C:\\projects\\ai\\content_bot\\outbox\\uploaded\\content_20260512T190056Z_6e7bfaad.md'}
heartbeat 2026-05-12 14:00:56
generated C:\projects\ai\content_bot\outbox\content_20260512T190556Z_3ceeb25b.md
uploaded result {'method': 'local', 'dest': 'C:\\projects\\ai\\content_bot\\outbox\\uploaded\\content_20260512T190556Z_3ceeb25b.md'}
heartbeat 2026-05-12 14:05:56
generated C:\projects\ai\content_bot\outbox\content_20260512T191056Z_4c368fa8.md
uploaded result {'method': 'local', 'dest': 'C:\\projects\\ai\\content_bot\\outbox\\uploaded\\content_20260512T191056Z_4c368fa8.md'}
heartbeat 2026-05-12 14:10:56
generated C:\projects\ai\content_bot\outbox\content_20260512T191556Z_f8660f7d.md
uploaded result {'method': 'local', 'dest': 'C:\\projects\\ai\\content_bot\\outbox\\uploaded\\content_20260512T191556Z_f8660f7d.md'}
heartbeat 2026-05-12 14:15:56
generated C:\projects\ai\content_bot\outbox\content_20260512T192056Z_eab05deb.md
uploaded result {'method': 'local', 'dest': 'C:\\projects\\ai\\content_bot\\outbox\\uploaded\\content_20260512T192056Z_eab05deb.md'}
heartbeat 2026-05-12 14:20:56
generated C:\projects\ai\content_bot\outbox\content_20260512T192556Z_657185aa.md
uploaded result {'method': 'local', 'dest': 'C:\\projects\\ai\\content_bot\\outbox\\uploaded\\content_20260512T192556Z_657185aa.md'}
heartbeat 2026-05-12 14:25:56
generated C:\projects\ai\content_bot\outbox\content_20260512T193056Z_b3463162.md
uploaded result {'method': 'local', 'dest': 'C:\\projects\\ai\\content_bot\\outbox\\uploaded\\content_20260512T193056Z_b3463162.md'}
heartbeat 2026-05-12 14:30:56
generated C:\projects\ai\content_bot\outbox\content_20260512T193556Z_e97b25cb.md
uploaded result {'method': 'local', 'dest': 'C:\\projects\\ai\\content_bot\\outbox\\uploaded\\content_20260512T193556Z_e97b25cb.md'}
heartbeat 2026-05-12 14:35:56
generated C:\projects\ai\content_bot\outbox\content_20260512T194056Z_c99cfd7c.md
uploaded result {'method': 'local', 'dest': 'C:\\projects\\ai\\content_bot\\outbox\\uploaded\\content_20260512T194056Z_c99cfd7c.md'}
heartbeat 2026-05-12 14:40:56
generated C:\projects\ai\content_bot\outbox\content_20260512T194556Z_5339b02f.md
uploaded result {'method': 'local', 'dest': 'C:\\projects\\ai\\content_bot\\outbox\\uploaded\\content_20260512T194556Z_5339b02f.md'}
heartbeat 2026-05-12 14:45:56
generated C:\projects\ai\content_bot\outbox\content_20260512T195056Z_0d9b37c2.md
uploaded result {'method': 'local', 'dest': 'C:\\projects\\ai\\content_bot\\outbox\\uploaded\\content_20260512T195056Z_0d9b37c2.md'}
heartbeat 2026-05-12 14:50:56
generated C:\projects\ai\content_bot\outbox\content_20260512T195556Z_35bed11f.md
uploaded result {'method': 'local', 'dest': 'C:\\projects\\ai\\content_bot\\outbox\\uploaded\\content_20260512T195556Z_35bed11f.md'}
heartbeat 2026-05-12 14:55:56
generated C:\projects\ai\content_bot\outbox\content_20260512T200056Z_aa104069.md
uploaded result {'method': 'local', 'dest': 'C:\\projects\\ai\\content_bot\\outbox\\uploaded\\content_20260512T200056Z_aa104069.md'}
heartbeat 2026-05-12 15:00:56
generated C:\projects\ai\content_bot\outbox\content_20260512T200556Z_a5fbe38c.md
uploaded result {'method': 'local', 'dest': 'C:\\projects\\ai\\content_bot\\outbox\\uploaded\\content_20260512T200556Z_a5fbe38c.md'}
heartbeat 2026-05-12 15:05:56
generated C:\projects\ai\content_bot\outbox\content_20260512T201056Z_d1344f27.md
uploaded result {'method': 'local', 'dest': 'C:\\projects\\ai\\content_bot\\outbox\\uploaded\\content_20260512T201056Z_d1344f27.md'}
heartbeat 2026-05-12 15:10:56
generated C:\projects\ai\content_bot\outbox\content_20260512T201556Z_2f5f68f2.md
uploaded result {'method': 'local', 'dest': 'C:\\projects\\ai\\content_bot\\outbox\\uploaded\\content_20260512T201556Z_2f5f68f2.md'}
heartbeat 2026-05-12 15:15:56
generated C:\projects\ai\content_bot\outbox\content_20260512T202056Z_104ea382.md
uploaded result {'method': 'local', 'dest': 'C:\\projects\\ai\\content_bot\\outbox\\uploaded\\content_20260512T202056Z_104ea382.md'}
heartbeat 2026-05-12 15:20:56
generated C:\projects\ai\content_bot\outbox\content_20260512T202556Z_39ab0dbd.md
uploaded result {'method': 'local', 'dest': 'C:\\projects\\ai\\content_bot\\outbox\\uploaded\\content_20260512T202556Z_39ab0dbd.md'}
heartbeat 2026-05-12 15:25:56
generated C:\projects\ai\content_bot\outbox\content_20260512T203056Z_fbf71772.md
uploaded result {'method': 'local', 'dest': 'C:\\projects\\ai\\content_bot\\outbox\\uploaded\\content_20260512T203056Z_fbf71772.md'}
heartbeat 2026-05-12 15:30:56
generated C:\projects\ai\content_bot\outbox\content_20260512T203556Z_b10d894d.md
uploaded result {'method': 'local', 'dest': 'C:\\projects\\ai\\content_bot\\outbox\\uploaded\\content_20260512T203556Z_b10d894d.md'}
heartbeat 2026-05-12 15:35:56
generated C:\projects\ai\content_bot\outbox\content_20260512T204056Z_26af42d3.md
uploaded result {'method': 'local', 'dest': 'C:\\projects\\ai\\content_bot\\outbox\\uploaded\\content_20260512T204056Z_26af42d3.md'}
heartbeat 2026-05-12 15:40:56
generated C:\projects\ai\content_bot\outbox\content_20260512T204556Z_1e9aa8a2.md
uploaded result {'method': 'local', 'dest': 'C:\\projects\\ai\\content_bot\\outbox\\uploaded\\content_20260512T204556Z_1e9aa8a2.md'}
heartbeat 2026-05-12 15:45:56
generated C:\projects\ai\content_bot\outbox\content_20260512T205056Z_66a4b40f.md
uploaded result {'method': 'local', 'dest': 'C:\\projects\\ai\\content_bot\\outbox\\uploaded\\content_20260512T205056Z_66a4b40f.md'}
heartbeat 2026-05-12 15:50:56
generated C:\projects\ai\content_bot\outbox\content_20260512T205556Z_893216c5.md
uploaded result {'method': 'local', 'dest': 'C:\\projects\\ai\\content_bot\\outbox\\uploaded\\content_20260512T205556Z_893216c5.md'}
heartbeat 2026-05-12 15:55:56
generated C:\projects\ai\content_bot\outbox\content_20260512T210056Z_13bca1ca.md
uploaded result {'method': 'local', 'dest': 'C:\\projects\\ai\\content_bot\\outbox\\uploaded\\content_20260512T210056Z_13bca1ca.md'}
heartbeat 2026-05-12 16:00:56
generated C:\projects\ai\content_bot\outbox\content_20260512T210556Z_dc9a71e5.md
uploaded result {'method': 'local', 'dest': 'C:\\projects\\ai\\content_bot\\outbox\\uploaded\\content_20260512T210556Z_dc9a71e5.md'}
heartbeat 2026-05-12 16:05:56
generated C:\projects\ai\content_bot\outbox\content_20260512T211056Z_13e8a343.md
uploaded result {'method': 'local', 'dest': 'C:\\projects\\ai\\content_bot\\outbox\\uploaded\\content_20260512T211056Z_13e8a343.md'}
heartbeat 2026-05-12 16:10:56
generated C:\projects\ai\content_bot\outbox\content_20260512T211556Z_de9f5d1c.md
uploaded result {'method': 'local', 'dest': 'C:\\projects\\ai\\content_bot\\outbox\\uploaded\\content_20260512T211556Z_de9f5d1c.md'}
heartbeat 2026-05-12 16:15:56
generated C:\projects\ai\content_bot\outbox\content_20260512T212056Z_ffa39838.md
uploaded result {'method': 'local', 'dest': 'C:\\projects\\ai\\content_bot\\outbox\\uploaded\\content_20260512T212056Z_ffa39838.md'}
heartbeat 2026-05-12 16:20:56
generated C:\projects\ai\content_bot\outbox\content_20260512T212556Z_cde0583c.md
uploaded result {'method': 'local', 'dest': 'C:\\projects\\ai\\content_bot\\outbox\\uploaded\\content_20260512T212556Z_cde0583c.md'}
heartbeat 2026-05-12 16:25:56
generated C:\projects\ai\content_bot\outbox\content_20260512T213056Z_905faff3.md
uploaded result {'method': 'local', 'dest': 'C:\\projects\\ai\\content_bot\\outbox\\uploaded\\content_20260512T213056Z_905faff3.md'}
heartbeat 2026-05-12 16:30:56
generated C:\projects\ai\content_bot\outbox\content_20260512T213556Z_cf966dad.md
uploaded result {'method': 'local', 'dest': 'C:\\projects\\ai\\content_bot\\outbox\\uploaded\\content_20260512T213556Z_cf966dad.md'}
heartbeat 2026-05-12 16:35:56
generated C:\projects\ai\content_bot\outbox\content_20260512T214056Z_a6afbcab.md
uploaded result {'method': 'local', 'dest': 'C:\\projects\\ai\\content_bot\\outbox\\uploaded\\content_20260512T214056Z_a6afbcab.md'}
heartbeat 2026-05-12 16:40:56
generated C:\projects\ai\content_bot\outbox\content_20260512T214556Z_d2313517.md
uploaded result {'method': 'local', 'dest': 'C:\\projects\\ai\\content_bot\\outbox\\uploaded\\content_20260512T214556Z_d2313517.md'}
heartbeat 2026-05-12 16:45:56
generated C:\projects\ai\content_bot\outbox\content_20260512T215056Z_7f948026.md
uploaded result {'method': 'local', 'dest': 'C:\\projects\\ai\\content_bot\\outbox\\uploaded\\content_20260512T215056Z_7f948026.md'}
heartbeat 2026-05-12 16:50:56
generated C:\projects\ai\content_bot\outbox\content_20260512T215556Z_1a971ed7.md
uploaded result {'method': 'local', 'dest': 'C:\\projects\\ai\\content_bot\\outbox\\uploaded\\content_20260512T215556Z_1a971ed7.md'}
heartbeat 2026-05-12 16:55:56
generated C:\projects\ai\content_bot\outbox\content_20260512T220056Z_78f3d710.md
uploaded result {'method': 'local', 'dest': 'C:\\projects\\ai\\content_bot\\outbox\\uploaded\\content_20260512T220056Z_78f3d710.md'}
heartbeat 2026-05-12 17:00:56
generated C:\projects\ai\content_bot\outbox\content_20260512T220556Z_f44e64cb.md
uploaded result {'method': 'local', 'dest': 'C:\\projects\\ai\\content_bot\\outbox\\uploaded\\content_20260512T220556Z_f44e64cb.md'}
heartbeat 2026-05-12 17:05:56
generated C:\projects\ai\content_bot\outbox\content_20260512T221056Z_0de8bed7.md
uploaded result {'method': 'local', 'dest': 'C:\\projects\\ai\\content_bot\\outbox\\uploaded\\content_20260512T221056Z_0de8bed7.md'}
heartbeat 2026-05-12 17:10:56
generated C:\projects\ai\content_bot\outbox\content_20260512T221556Z_ece9d574.md
uploaded result {'method': 'local', 'dest': 'C:\\projects\\ai\\content_bot\\outbox\\uploaded\\content_20260512T221556Z_ece9d574.md'}
heartbeat 2026-05-12 17:15:56
generated C:\projects\ai\content_bot\outbox\content_20260512T222056Z_00b685c3.md
uploaded result {'method': 'local', 'dest': 'C:\\projects\\ai\\content_bot\\outbox\\uploaded\\content_20260512T222056Z_00b685c3.md'}
heartbeat 2026-05-12 17:20:56
generated C:\projects\ai\content_bot\outbox\content_20260512T222556Z_5e8950d2.md
uploaded result {'method': 'local', 'dest': 'C:\\projects\\ai\\content_bot\\outbox\\uploaded\\content_20260512T222556Z_5e8950d2.md'}
heartbeat 2026-05-12 17:25:56
generated C:\projects\ai\content_bot\outbox\content_20260512T223056Z_5ea5e6ea.md
uploaded result {'method': 'local', 'dest': 'C:\\projects\\ai\\content_bot\\outbox\\uploaded\\content_20260512T223056Z_5ea5e6ea.md'}
heartbeat 2026-05-12 17:30:56
generated C:\projects\ai\content_bot\outbox\content_20260512T223556Z_9641167c.md
uploaded result {'method': 'local', 'dest': 'C:\\projects\\ai\\content_bot\\outbox\\uploaded\\content_20260512T223556Z_9641167c.md'}
heartbeat 2026-05-12 17:35:56
generated C:\projects\ai\content_bot\outbox\content_20260512T224056Z_c971114f.md
uploaded result {'method': 'local', 'dest': 'C:\\projects\\ai\\content_bot\\outbox\\uploaded\\content_20260512T224056Z_c971114f.md'}
heartbeat 2026-05-12 17:40:56
generated C:\projects\ai\content_bot\outbox\content_20260512T224556Z_e112b2f0.md
uploaded result {'method': 'local', 'dest': 'C:\\projects\\ai\\content_bot\\outbox\\uploaded\\content_20260512T224556Z_e112b2f0.md'}
heartbeat 2026-05-12 17:45:56
generated C:\projects\ai\content_bot\outbox\content_20260512T225056Z_c2876e25.md
uploaded result {'method': 'local', 'dest': 'C:\\projects\\ai\\content_bot\\outbox\\uploaded\\content_20260512T225056Z_c2876e25.md'}
heartbeat 2026-05-12 17:50:56
generated C:\projects\ai\content_bot\outbox\content_20260512T225556Z_49b3fa52.md
uploaded result {'method': 'local', 'dest': 'C:\\projects\\ai\\content_bot\\outbox\\uploaded\\content_20260512T225556Z_49b3fa52.md'}
heartbeat 2026-05-12 17:55:56
generated C:\projects\ai\content_bot\outbox\content_20260512T230056Z_af8b6294.md
uploaded result {'method': 'local', 'dest': 'C:\\projects\\ai\\content_bot\\outbox\\uploaded\\content_20260512T230056Z_af8b6294.md'}
heartbeat 2026-05-12 18:00:56
generated C:\projects\ai\content_bot\outbox\content_20260512T230556Z_60cf935f.md
uploaded result {'method': 'local', 'dest': 'C:\\projects\\ai\\content_bot\\outbox\\uploaded\\content_20260512T230556Z_60cf935f.md'}
heartbeat 2026-05-12 18:05:56
generated C:\projects\ai\content_bot\outbox\content_20260512T231056Z_99c766ac.md
uploaded result {'method': 'local', 'dest': 'C:\\projects\\ai\\content_bot\\outbox\\uploaded\\content_20260512T231056Z_99c766ac.md'}
heartbeat 2026-05-12 18:10:56
generated C:\projects\ai\content_bot\outbox\content_20260512T231556Z_c9863d53.md
uploaded result {'method': 'local', 'dest': 'C:\\projects\\ai\\content_bot\\outbox\\uploaded\\content_20260512T231556Z_c9863d53.md'}
heartbeat 2026-05-12 18:15:56
generated C:\projects\ai\content_bot\outbox\content_20260512T232056Z_888f62d2.md
uploaded result {'method': 'local', 'dest': 'C:\\projects\\ai\\content_bot\\outbox\\uploaded\\content_20260512T232056Z_888f62d2.md'}
heartbeat 2026-05-12 18:20:56
generated C:\projects\ai\content_bot\outbox\content_20260512T232556Z_679b42a6.md
uploaded result {'method': 'local', 'dest': 'C:\\projects\\ai\\content_bot\\outbox\\uploaded\\content_20260512T232556Z_679b42a6.md'}
heartbeat 2026-05-12 18:25:56
generated C:\projects\ai\content_bot\outbox\content_20260512T233056Z_33f87703.md
uploaded result {'method': 'local', 'dest': 'C:\\projects\\ai\\content_bot\\outbox\\uploaded\\content_20260512T233056Z_33f87703.md'}
heartbeat 2026-05-12 18:30:56
generated C:\projects\ai\content_bot\outbox\content_20260512T233556Z_6860be3e.md
uploaded result {'method': 'local', 'dest': 'C:\\projects\\ai\\content_bot\\outbox\\uploaded\\content_20260512T233556Z_6860be3e.md'}
heartbeat 2026-05-12 18:35:56
generated C:\projects\ai\content_bot\outbox\content_20260512T234056Z_da387dde.md
uploaded result {'method': 'local', 'dest': 'C:\\projects\\ai\\content_bot\\outbox\\uploaded\\content_20260512T234056Z_da387dde.md'}
heartbeat 2026-05-12 18:40:56
generated C:\projects\ai\content_bot\outbox\content_20260512T234556Z_260e9904.md
uploaded result {'method': 'local', 'dest': 'C:\\projects\\ai\\content_bot\\outbox\\uploaded\\content_20260512T234556Z_260e9904.md'}
heartbeat 2026-05-12 18:45:56
generated C:\projects\ai\content_bot\outbox\content_20260512T235056Z_23c96911.md
uploaded result {'method': 'local', 'dest': 'C:\\projects\\ai\\content_bot\\outbox\\uploaded\\content_20260512T235056Z_23c96911.md'}
heartbeat 2026-05-12 18:50:56
^Crun_bot.py started content generator
generated C:\projects\ai\content_bot\outbox\content_20260513T044300Z_d9c7b8b3.md
uploaded result {'method': 'local', 'dest': 'C:\\projects\\ai\\content_bot\\outbox\\uploaded\\content_20260513T044300Z_d9c7b8b3.md'}
heartbeat 2026-05-12 23:43:00
run_bot.py started content generator
generated C:\projects\ai\content_bot\outbox\content_20260513T044408Z_ebe6acea.md
uploaded result {'method': 'local', 'dest': 'C:\\projects\\ai\\content_bot\\outbox\\uploaded\\content_20260513T044408Z_ebe6acea.md'}
heartbeat 2026-05-12 23:44:08
run_bot.py started content generator
generated C:\projects\ai\content_bot\outbox\content_20260513T125406Z_370729e9.md
uploaded result {'method': 'local', 'dest': 'C:\\projects\\ai\\content_bot\\outbox\\uploaded\\content_20260513T125406Z_370729e9.md'}
heartbeat 2026-05-13 07:54:06
generated C:\projects\ai\content_bot\outbox\content_20260513T125906Z_fcc31661.md
uploaded result {'method': 'local', 'dest': 'C:\\projects\\ai\\content_bot\\outbox\\uploaded\\content_20260513T125906Z_fcc31661.md'}
heartbeat 2026-05-13 07:59:06
generated C:\projects\ai\content_bot\outbox\content_20260513T130406Z_4a8482a4.md
uploaded result {'method': 'local', 'dest': 'C:\\projects\\ai\\content_bot\\outbox\\uploaded\\content_20260513T130406Z_4a8482a4.md'}
heartbeat 2026-05-13 08:04:06
generated C:\projects\ai\content_bot\outbox\content_20260513T130906Z_88460169.md
uploaded result {'method': 'local', 'dest': 'C:\\projects\\ai\\content_bot\\outbox\\uploaded\\content_20260513T130906Z_88460169.md'}
heartbeat 2026-05-13 08:09:06
generated C:\projects\ai\content_bot\outbox\content_20260513T131406Z_3ddfe078.md
uploaded result {'method': 'local', 'dest': 'C:\\projects\\ai\\content_bot\\outbox\\uploaded\\content_20260513T131406Z_3ddfe078.md'}
heartbeat 2026-05-13 08:14:06
generated C:\projects\ai\content_bot\outbox\content_20260513T131906Z_c8ef0f3b.md
uploaded result {'method': 'local', 'dest': 'C:\\projects\\ai\\content_bot\\outbox\\uploaded\\content_20260513T131906Z_c8ef0f3b.md'}
heartbeat 2026-05-13 08:19:06
generated C:\projects\ai\content_bot\outbox\content_20260513T132406Z_d02ebdda.md
uploaded result {'method': 'local', 'dest': 'C:\\projects\\ai\\content_bot\\outbox\\uploaded\\content_20260513T132406Z_d02ebdda.md'}
heartbeat 2026-05-13 08:24:06
generated C:\projects\ai\content_bot\outbox\content_20260513T132906Z_ddc17108.md
uploaded result {'method': 'local', 'dest': 'C:\\projects\\ai\\content_bot\\outbox\\uploaded\\content_20260513T132906Z_ddc17108.md'}
heartbeat 2026-05-13 08:29:06
generated C:\projects\ai\content_bot\outbox\content_20260513T133406Z_1f715e79.md
uploaded result {'method': 'local', 'dest': 'C:\\projects\\ai\\content_bot\\outbox\\uploaded\\content_20260513T133406Z_1f715e79.md'}
heartbeat 2026-05-13 08:34:06
generated C:\projects\ai\content_bot\outbox\content_20260513T133906Z_cff38fcd.md
uploaded result {'method': 'local', 'dest': 'C:\\projects\\ai\\content_bot\\outbox\\uploaded\\content_20260513T133906Z_cff38fcd.md'}
heartbeat 2026-05-13 08:39:06
generated C:\projects\ai\content_bot\outbox\content_20260513T134406Z_1e2c872a.md
uploaded result {'method': 'local', 'dest': 'C:\\projects\\ai\\content_bot\\outbox\\uploaded\\content_20260513T134406Z_1e2c872a.md'}
heartbeat 2026-05-13 08:44:06
generated C:\projects\ai\content_bot\outbox\content_20260513T134906Z_15ec4ede.md
uploaded result {'method': 'local', 'dest': 'C:\\projects\\ai\\content_bot\\outbox\\uploaded\\content_20260513T134906Z_15ec4ede.md'}
heartbeat 2026-05-13 08:49:06
generated C:\projects\ai\content_bot\outbox\content_20260513T135406Z_ae05fddb.md
uploaded result {'method': 'local', 'dest': 'C:\\projects\\ai\\content_bot\\outbox\\uploaded\\content_20260513T135406Z_ae05fddb.md'}
heartbeat 2026-05-13 08:54:06
generated C:\projects\ai\content_bot\outbox\content_20260513T135906Z_12dfeebb.md
uploaded result {'method': 'local', 'dest': 'C:\\projects\\ai\\content_bot\\outbox\\uploaded\\content_20260513T135906Z_12dfeebb.md'}
heartbeat 2026-05-13 08:59:06
generated C:\projects\ai\content_bot\outbox\content_20260513T140406Z_312dfd71.md
uploaded result {'method': 'local', 'dest': 'C:\\projects\\ai\\content_bot\\outbox\\uploaded\\content_20260513T140406Z_312dfd71.md'}
heartbeat 2026-05-13 09:04:06
generated C:\projects\ai\content_bot\outbox\content_20260513T140906Z_a87ec4f5.md
uploaded result {'method': 'local', 'dest': 'C:\\projects\\ai\\content_bot\\outbox\\uploaded\\content_20260513T140906Z_a87ec4f5.md'}
heartbeat 2026-05-13 09:09:06
generated C:\projects\ai\content_bot\outbox\content_20260513T141406Z_d7afe99a.md
uploaded result {'method': 'local', 'dest': 'C:\\projects\\ai\\content_bot\\outbox\\uploaded\\content_20260513T141406Z_d7afe99a.md'}
heartbeat 2026-05-13 09:14:06
generated C:\projects\ai\content_bot\outbox\content_20260513T141906Z_ca576afa.md
uploaded result {'method': 'local', 'dest': 'C:\\projects\\ai\\content_bot\\outbox\\uploaded\\content_20260513T141906Z_ca576afa.md'}
heartbeat 2026-05-13 09:19:06
generated C:\projects\ai\content_bot\outbox\content_20260513T142406Z_a808c164.md
uploaded result {'method': 'local', 'dest': 'C:\\projects\\ai\\content_bot\\outbox\\uploaded\\content_20260513T142406Z_a808c164.md'}
heartbeat 2026-05-13 09:24:06
generated C:\projects\ai\content_bot\outbox\content_20260513T142906Z_7d70acc3.md
uploaded result {'method': 'local', 'dest': 'C:\\projects\\ai\\content_bot\\outbox\\uploaded\\content_20260513T142906Z_7d70acc3.md'}
heartbeat 2026-05-13 09:29:06
generated C:\projects\ai\content_bot\outbox\content_20260513T143406Z_9217dba1.md
uploaded result {'method': 'local', 'dest': 'C:\\projects\\ai\\content_bot\\outbox\\uploaded\\content_20260513T143406Z_9217dba1.md'}
heartbeat 2026-05-13 09:34:06
generated C:\projects\ai\content_bot\outbox\content_20260513T143906Z_22918ce8.md
uploaded result {'method': 'local', 'dest': 'C:\\projects\\ai\\content_bot\\outbox\\uploaded\\content_20260513T143906Z_22918ce8.md'}
heartbeat 2026-05-13 09:39:06
generated C:\projects\ai\content_bot\outbox\content_20260513T144406Z_e5b27d75.md
uploaded result {'method': 'local', 'dest': 'C:\\projects\\ai\\content_bot\\outbox\\uploaded\\content_20260513T144406Z_e5b27d75.md'}
heartbeat 2026-05-13 09:44:06
generated C:\projects\ai\content_bot\outbox\content_20260513T144906Z_0b69f9f5.md
uploaded result {'method': 'local', 'dest': 'C:\\projects\\ai\\content_bot\\outbox\\uploaded\\content_20260513T144906Z_0b69f9f5.md'}
heartbeat 2026-05-13 09:49:06
generated C:\projects\ai\content_bot\outbox\content_20260513T145406Z_356e07d6.md
uploaded result {'method': 'local', 'dest': 'C:\\projects\\ai\\content_bot\\outbox\\uploaded\\content_20260513T145406Z_356e07d6.md'}
heartbeat 2026-05-13 09:54:06
generated C:\projects\ai\content_bot\outbox\content_20260513T145906Z_a9d96e97.md
uploaded result {'method': 'local', 'dest': 'C:\\projects\\ai\\content_bot\\outbox\\uploaded\\content_20260513T145906Z_a9d96e97.md'}
heartbeat 2026-05-13 09:59:06
generated C:\projects\ai\content_bot\outbox\content_20260513T150406Z_6ab63ab9.md
uploaded result {'method': 'local', 'dest': 'C:\\projects\\ai\\content_bot\\outbox\\uploaded\\content_20260513T150406Z_6ab63ab9.md'}
heartbeat 2026-05-13 10:04:06
generated C:\projects\ai\content_bot\outbox\content_20260513T150906Z_45b2ca92.md
uploaded result {'method': 'local', 'dest': 'C:\\projects\\ai\\content_bot\\outbox\\uploaded\\content_20260513T150906Z_45b2ca92.md'}
heartbeat 2026-05-13 10:09:06
generated C:\projects\ai\content_bot\outbox\content_20260513T151406Z_30d3a329.md
uploaded result {'method': 'local', 'dest': 'C:\\projects\\ai\\content_bot\\outbox\\uploaded\\content_20260513T151406Z_30d3a329.md'}
heartbeat 2026-05-13 10:14:06
generated C:\projects\ai\content_bot\outbox\content_20260513T151906Z_096c31e6.md
uploaded result {'method': 'local', 'dest': 'C:\\projects\\ai\\content_bot\\outbox\\uploaded\\content_20260513T151906Z_096c31e6.md'}
heartbeat 2026-05-13 10:19:06
generated C:\projects\ai\content_bot\outbox\content_20260513T152406Z_4108d832.md
uploaded result {'method': 'local', 'dest': 'C:\\projects\\ai\\content_bot\\outbox\\uploaded\\content_20260513T152406Z_4108d832.md'}
heartbeat 2026-05-13 10:24:06
generated C:\projects\ai\content_bot\outbox\content_20260513T152906Z_dab5458b.md
uploaded result {'method': 'local', 'dest': 'C:\\projects\\ai\\content_bot\\outbox\\uploaded\\content_20260513T152906Z_dab5458b.md'}
heartbeat 2026-05-13 10:29:06
generated C:\projects\ai\content_bot\outbox\content_20260513T153406Z_4fc605ce.md
uploaded result {'method': 'local', 'dest': 'C:\\projects\\ai\\content_bot\\outbox\\uploaded\\content_20260513T153406Z_4fc605ce.md'}
heartbeat 2026-05-13 10:34:06
generated C:\projects\ai\content_bot\outbox\content_20260513T153906Z_9e91cb10.md
uploaded result {'method': 'local', 'dest': 'C:\\projects\\ai\\content_bot\\outbox\\uploaded\\content_20260513T153906Z_9e91cb10.md'}
heartbeat 2026-05-13 10:39:06
generated C:\projects\ai\content_bot\outbox\content_20260513T154406Z_58db3997.md
uploaded result {'method': 'local', 'dest': 'C:\\projects\\ai\\content_bot\\outbox\\uploaded\\content_20260513T154406Z_58db3997.md'}
heartbeat 2026-05-13 10:44:06
generated C:\projects\ai\content_bot\outbox\content_20260513T154906Z_ea6643c3.md
uploaded result {'method': 'local', 'dest': 'C:\\projects\\ai\\content_bot\\outbox\\uploaded\\content_20260513T154906Z_ea6643c3.md'}
heartbeat 2026-05-13 10:49:06
generated C:\projects\ai\content_bot\outbox\content_20260513T155406Z_ec19f35e.md
uploaded result {'method': 'local', 'dest': 'C:\\projects\\ai\\content_bot\\outbox\\uploaded\\content_20260513T155406Z_ec19f35e.md'}
heartbeat 2026-05-13 10:54:06
generated C:\projects\ai\content_bot\outbox\content_20260513T155906Z_016f76c4.md
uploaded result {'method': 'local', 'dest': 'C:\\projects\\ai\\content_bot\\outbox\\uploaded\\content_20260513T155906Z_016f76c4.md'}
heartbeat 2026-05-13 10:59:06
generated C:\projects\ai\content_bot\outbox\content_20260513T160406Z_e3612772.md
uploaded result {'method': 'local', 'dest': 'C:\\projects\\ai\\content_bot\\outbox\\uploaded\\content_20260513T160406Z_e3612772.md'}
heartbeat 2026-05-13 11:04:06
generated C:\projects\ai\content_bot\outbox\content_20260513T160906Z_0d9f33ea.md
uploaded result {'method': 'local', 'dest': 'C:\\projects\\ai\\content_bot\\outbox\\uploaded\\content_20260513T160906Z_0d9f33ea.md'}
heartbeat 2026-05-13 11:09:06
generated C:\projects\ai\content_bot\outbox\content_20260513T161406Z_b860512f.md
uploaded result {'method': 'local', 'dest': 'C:\\projects\\ai\\content_bot\\outbox\\uploaded\\content_20260513T161406Z_b860512f.md'}
heartbeat 2026-05-13 11:14:06
generated C:\projects\ai\content_bot\outbox\content_20260513T161906Z_dad5fcc8.md
uploaded result {'method': 'local', 'dest': 'C:\\projects\\ai\\content_bot\\outbox\\uploaded\\content_20260513T161906Z_dad5fcc8.md'}
heartbeat 2026-05-13 11:19:06
generated C:\projects\ai\content_bot\outbox\content_20260513T162406Z_0c1250e5.md
uploaded result {'method': 'local', 'dest': 'C:\\projects\\ai\\content_bot\\outbox\\uploaded\\content_20260513T162406Z_0c1250e5.md'}
heartbeat 2026-05-13 11:24:06
generated C:\projects\ai\content_bot\outbox\content_20260513T162906Z_491371c5.md
uploaded result {'method': 'local', 'dest': 'C:\\projects\\ai\\content_bot\\outbox\\uploaded\\content_20260513T162906Z_491371c5.md'}
heartbeat 2026-05-13 11:29:06
run_bot.py started content generator
generated C:\projects\ai\content_bot\outbox\content_20260514T053719Z_05cefad7.md
uploaded result {'method': 'local', 'dest': 'C:\\projects\\ai\\content_bot\\outbox\\uploaded\\content_20260514T053719Z_05cefad7.md'}
heartbeat 2026-05-14 00:37:19
generated C:\projects\ai\content_bot\outbox\content_20260514T054219Z_55922a24.md
uploaded result {'method': 'local', 'dest': 'C:\\projects\\ai\\content_bot\\outbox\\uploaded\\content_20260514T054219Z_55922a24.md'}
heartbeat 2026-05-14 00:42:19
generated C:\projects\ai\content_bot\outbox\content_20260514T054719Z_2b9e4660.md
uploaded result {'method': 'local', 'dest': 'C:\\projects\\ai\\content_bot\\outbox\\uploaded\\content_20260514T054719Z_2b9e4660.md'}
heartbeat 2026-05-14 00:47:19
generated C:\projects\ai\content_bot\outbox\content_20260514T055219Z_1e567ff9.md
uploaded result {'method': 'local', 'dest': 'C:\\projects\\ai\\content_bot\\outbox\\uploaded\\content_20260514T055219Z_1e567ff9.md'}
heartbeat 2026-05-14 00:52:19
generated C:\projects\ai\content_bot\outbox\content_20260514T055719Z_419df0e0.md
uploaded result {'method': 'local', 'dest': 'C:\\projects\\ai\\content_bot\\outbox\\uploaded\\content_20260514T055719Z_419df0e0.md'}
heartbeat 2026-05-14 00:57:19
generated C:\projects\ai\content_bot\outbox\content_20260514T060219Z_084bd32e.md
uploaded result {'method': 'local', 'dest': 'C:\\projects\\ai\\content_bot\\outbox\\uploaded\\content_20260514T060219Z_084bd32e.md'}
heartbeat 2026-05-14 01:02:19
generated C:\projects\ai\content_bot\outbox\content_20260514T060719Z_2fd22249.md
uploaded result {'method': 'local', 'dest': 'C:\\projects\\ai\\content_bot\\outbox\\uploaded\\content_20260514T060719Z_2fd22249.md'}
heartbeat 2026-05-14 01:07:19
generated C:\projects\ai\content_bot\outbox\content_20260514T061219Z_1cca81b5.md
uploaded result {'method': 'local', 'dest': 'C:\\projects\\ai\\content_bot\\outbox\\uploaded\\content_20260514T061219Z_1cca81b5.md'}
heartbeat 2026-05-14 01:12:19
generated C:\projects\ai\content_bot\outbox\content_20260514T061719Z_de30e535.md
uploaded result {'method': 'local', 'dest': 'C:\\projects\\ai\\content_bot\\outbox\\uploaded\\content_20260514T061719Z_de30e535.md'}
heartbeat 2026-05-14 01:17:19
generated C:\projects\ai\content_bot\outbox\content_20260514T062219Z_cfca2ef4.md
uploaded result {'method': 'local', 'dest': 'C:\\projects\\ai\\content_bot\\outbox\\uploaded\\content_20260514T062219Z_cfca2ef4.md'}
heartbeat 2026-05-14 01:22:19
generated C:\projects\ai\content_bot\outbox\content_20260514T062719Z_b3eb766c.md
uploaded result {'method': 'local', 'dest': 'C:\\projects\\ai\\content_bot\\outbox\\uploaded\\content_20260514T062719Z_b3eb766c.md'}
heartbeat 2026-05-14 01:27:19
generated C:\projects\ai\content_bot\outbox\content_20260514T063219Z_3097a4f4.md
uploaded result {'method': 'local', 'dest': 'C:\\projects\\ai\\content_bot\\outbox\\uploaded\\content_20260514T063219Z_3097a4f4.md'}
heartbeat 2026-05-14 01:32:19
generated C:\projects\ai\content_bot\outbox\content_20260514T063719Z_9391be5f.md
uploaded result {'method': 'local', 'dest': 'C:\\projects\\ai\\content_bot\\outbox\\uploaded\\content_20260514T063719Z_9391be5f.md'}
heartbeat 2026-05-14 01:37:19
generated C:\projects\ai\content_bot\outbox\content_20260514T064219Z_7381bff7.md
uploaded result {'method': 'local', 'dest': 'C:\\projects\\ai\\content_bot\\outbox\\uploaded\\content_20260514T064219Z_7381bff7.md'}
heartbeat 2026-05-14 01:42:19
generated C:\projects\ai\content_bot\outbox\content_20260514T064719Z_87db3374.md
uploaded result {'method': 'local', 'dest': 'C:\\projects\\ai\\content_bot\\outbox\\uploaded\\content_20260514T064719Z_87db3374.md'}
heartbeat 2026-05-14 01:47:19
generated C:\projects\ai\content_bot\outbox\content_20260514T065219Z_8a26a409.md
uploaded result {'method': 'local', 'dest': 'C:\\projects\\ai\\content_bot\\outbox\\uploaded\\content_20260514T065219Z_8a26a409.md'}
heartbeat 2026-05-14 01:52:19
generated C:\projects\ai\content_bot\outbox\content_20260514T065719Z_ccf59c44.md
uploaded result {'method': 'local', 'dest': 'C:\\projects\\ai\\content_bot\\outbox\\uploaded\\content_20260514T065719Z_ccf59c44.md'}
heartbeat 2026-05-14 01:57:19
generated C:\projects\ai\content_bot\outbox\content_20260514T070219Z_356ad322.md
uploaded result {'method': 'local', 'dest': 'C:\\projects\\ai\\content_bot\\outbox\\uploaded\\content_20260514T070219Z_356ad322.md'}
heartbeat 2026-05-14 02:02:19
generated C:\projects\ai\content_bot\outbox\content_20260514T070719Z_78b7364a.md
uploaded result {'method': 'local', 'dest': 'C:\\projects\\ai\\content_bot\\outbox\\uploaded\\content_20260514T070719Z_78b7364a.md'}
heartbeat 2026-05-14 02:07:19
generated C:\projects\ai\content_bot\outbox\content_20260514T071219Z_6ce33339.md
uploaded result {'method': 'local', 'dest': 'C:\\projects\\ai\\content_bot\\outbox\\uploaded\\content_20260514T071219Z_6ce33339.md'}
heartbeat 2026-05-14 02:12:19
generated C:\projects\ai\content_bot\outbox\content_20260514T071719Z_6efe933f.md
uploaded result {'method': 'local', 'dest': 'C:\\projects\\ai\\content_bot\\outbox\\uploaded\\content_20260514T071719Z_6efe933f.md'}
heartbeat 2026-05-14 02:17:19
generated C:\projects\ai\content_bot\outbox\content_20260514T072219Z_0f0a0b9c.md
uploaded result {'method': 'local', 'dest': 'C:\\projects\\ai\\content_bot\\outbox\\uploaded\\content_20260514T072219Z_0f0a0b9c.md'}
heartbeat 2026-05-14 02:22:19
generated C:\projects\ai\content_bot\outbox\content_20260514T072719Z_6e3cbb34.md
uploaded result {'method': 'local', 'dest': 'C:\\projects\\ai\\content_bot\\outbox\\uploaded\\content_20260514T072719Z_6e3cbb34.md'}
heartbeat 2026-05-14 02:27:19
generated C:\projects\ai\content_bot\outbox\content_20260514T073220Z_f6cd8d2c.md
uploaded result {'method': 'local', 'dest': 'C:\\projects\\ai\\content_bot\\outbox\\uploaded\\content_20260514T073220Z_f6cd8d2c.md'}
heartbeat 2026-05-14 02:32:20
generated C:\projects\ai\content_bot\outbox\content_20260514T073720Z_bb2360da.md
uploaded result {'method': 'local', 'dest': 'C:\\projects\\ai\\content_bot\\outbox\\uploaded\\content_20260514T073720Z_bb2360da.md'}
heartbeat 2026-05-14 02:37:20
generated C:\projects\ai\content_bot\outbox\content_20260514T074220Z_18419671.md
uploaded result {'method': 'local', 'dest': 'C:\\projects\\ai\\content_bot\\outbox\\uploaded\\content_20260514T074220Z_18419671.md'}
heartbeat 2026-05-14 02:42:20
generated C:\projects\ai\content_bot\outbox\content_20260514T074720Z_a9bc693a.md
uploaded result {'method': 'local', 'dest': 'C:\\projects\\ai\\content_bot\\outbox\\uploaded\\content_20260514T074720Z_a9bc693a.md'}
heartbeat 2026-05-14 02:47:20
generated C:\projects\ai\content_bot\outbox\content_20260514T075220Z_4bfb2301.md
uploaded result {'method': 'local', 'dest': 'C:\\projects\\ai\\content_bot\\outbox\\uploaded\\content_20260514T075220Z_4bfb2301.md'}
heartbeat 2026-05-14 02:52:20
generated C:\projects\ai\content_bot\outbox\content_20260514T075720Z_8a53b74a.md
uploaded result {'method': 'local', 'dest': 'C:\\projects\\ai\\content_bot\\outbox\\uploaded\\content_20260514T075720Z_8a53b74a.md'}
heartbeat 2026-05-14 02:57:20
generated C:\projects\ai\content_bot\outbox\content_20260514T080220Z_8ab247c0.md
uploaded result {'method': 'local', 'dest': 'C:\\projects\\ai\\content_bot\\outbox\\uploaded\\content_20260514T080220Z_8ab247c0.md'}
heartbeat 2026-05-14 03:02:20
generated C:\projects\ai\content_bot\outbox\content_20260514T080720Z_c2ceebba.md
uploaded result {'method': 'local', 'dest': 'C:\\projects\\ai\\content_bot\\outbox\\uploaded\\content_20260514T080720Z_c2ceebba.md'}
heartbeat 2026-05-14 03:07:20
generated C:\projects\ai\content_bot\outbox\content_20260514T081220Z_47a841ff.md
uploaded result {'method': 'local', 'dest': 'C:\\projects\\ai\\content_bot\\outbox\\uploaded\\content_20260514T081220Z_47a841ff.md'}
heartbeat 2026-05-14 03:12:20
generated C:\projects\ai\content_bot\outbox\content_20260514T081720Z_e5b28c93.md
uploaded result {'method': 'local', 'dest': 'C:\\projects\\ai\\content_bot\\outbox\\uploaded\\content_20260514T081720Z_e5b28c93.md'}
heartbeat 2026-05-14 03:17:20
generated C:\projects\ai\content_bot\outbox\content_20260514T082220Z_624f349b.md
uploaded result {'method': 'local', 'dest': 'C:\\projects\\ai\\content_bot\\outbox\\uploaded\\content_20260514T082220Z_624f349b.md'}
heartbeat 2026-05-14 03:22:20
generated C:\projects\ai\content_bot\outbox\content_20260514T095639Z_23748567.md
uploaded result {'method': 'local', 'dest': 'C:\\projects\\ai\\content_bot\\outbox\\uploaded\\content_20260514T095639Z_23748567.md'}
heartbeat 2026-05-14 04:56:39
generated C:\projects\ai\content_bot\outbox\content_20260514T125700Z_1adfd6c0.md
uploaded result {'method': 'local', 'dest': 'C:\\projects\\ai\\content_bot\\outbox\\uploaded\\content_20260514T125700Z_1adfd6c0.md'}
heartbeat 2026-05-14 07:57:00
generated C:\projects\ai\content_bot\outbox\content_20260514T130200Z_7ffc54cc.md
uploaded result {'method': 'local', 'dest': 'C:\\projects\\ai\\content_bot\\outbox\\uploaded\\content_20260514T130200Z_7ffc54cc.md'}
heartbeat 2026-05-14 08:02:00
generated C:\projects\ai\content_bot\outbox\content_20260514T130700Z_f7081c50.md
uploaded result {'method': 'local', 'dest': 'C:\\projects\\ai\\content_bot\\outbox\\uploaded\\content_20260514T130700Z_f7081c50.md'}
heartbeat 2026-05-14 08:07:00
generated C:\projects\ai\content_bot\outbox\content_20260514T131200Z_2d409c46.md
uploaded result {'method': 'local', 'dest': 'C:\\projects\\ai\\content_bot\\outbox\\uploaded\\content_20260514T131200Z_2d409c46.md'}
heartbeat 2026-05-14 08:12:00
generated C:\projects\ai\content_bot\outbox\content_20260514T131700Z_bcbe1be0.md
uploaded result {'method': 'local', 'dest': 'C:\\projects\\ai\\content_bot\\outbox\\uploaded\\content_20260514T131700Z_bcbe1be0.md'}
heartbeat 2026-05-14 08:17:00
generated C:\projects\ai\content_bot\outbox\content_20260514T132200Z_0c87eb08.md
uploaded result {'method': 'local', 'dest': 'C:\\projects\\ai\\content_bot\\outbox\\uploaded\\content_20260514T132200Z_0c87eb08.md'}
heartbeat 2026-05-14 08:22:00
generated C:\projects\ai\content_bot\outbox\content_20260514T132700Z_b19ae397.md
uploaded result {'method': 'local', 'dest': 'C:\\projects\\ai\\content_bot\\outbox\\uploaded\\content_20260514T132700Z_b19ae397.md'}
heartbeat 2026-05-14 08:27:00
generated C:\projects\ai\content_bot\outbox\content_20260514T133200Z_72d17a4d.md
uploaded result {'method': 'local', 'dest': 'C:\\projects\\ai\\content_bot\\outbox\\uploaded\\content_20260514T133200Z_72d17a4d.md'}
heartbeat 2026-05-14 08:32:00
generated C:\projects\ai\content_bot\outbox\content_20260514T133700Z_b670c55a.md
uploaded result {'method': 'local', 'dest': 'C:\\projects\\ai\\content_bot\\outbox\\uploaded\\content_20260514T133700Z_b670c55a.md'}
heartbeat 2026-05-14 08:37:00
generated C:\projects\ai\content_bot\outbox\content_20260514T134200Z_8305ef14.md
uploaded result {'method': 'local', 'dest': 'C:\\projects\\ai\\content_bot\\outbox\\uploaded\\content_20260514T134200Z_8305ef14.md'}
heartbeat 2026-05-14 08:42:00
generated C:\projects\ai\content_bot\outbox\content_20260514T134700Z_fde8bf48.md
uploaded result {'method': 'local', 'dest': 'C:\\projects\\ai\\content_bot\\outbox\\uploaded\\content_20260514T134700Z_fde8bf48.md'}
heartbeat 2026-05-14 08:47:00
generated C:\projects\ai\content_bot\outbox\content_20260514T135200Z_e95753af.md
uploaded result {'method': 'local', 'dest': 'C:\\projects\\ai\\content_bot\\outbox\\uploaded\\content_20260514T135200Z_e95753af.md'}
heartbeat 2026-05-14 08:52:00
generated C:\projects\ai\content_bot\outbox\content_20260514T135700Z_af97393d.md
uploaded result {'method': 'local', 'dest': 'C:\\projects\\ai\\content_bot\\outbox\\uploaded\\content_20260514T135700Z_af97393d.md'}
heartbeat 2026-05-14 08:57:00
generated C:\projects\ai\content_bot\outbox\content_20260514T140200Z_a3f9b7df.md
uploaded result {'method': 'local', 'dest': 'C:\\projects\\ai\\content_bot\\outbox\\uploaded\\content_20260514T140200Z_a3f9b7df.md'}
heartbeat 2026-05-14 09:02:00
generated C:\projects\ai\content_bot\outbox\content_20260514T140700Z_4fab818a.md
uploaded result {'method': 'local', 'dest': 'C:\\projects\\ai\\content_bot\\outbox\\uploaded\\content_20260514T140700Z_4fab818a.md'}
heartbeat 2026-05-14 09:07:00
generated C:\projects\ai\content_bot\outbox\content_20260514T141200Z_fe5cbbdf.md
uploaded result {'method': 'local', 'dest': 'C:\\projects\\ai\\content_bot\\outbox\\uploaded\\content_20260514T141200Z_fe5cbbdf.md'}
heartbeat 2026-05-14 09:12:00
generated C:\projects\ai\content_bot\outbox\content_20260514T141700Z_8d2e8457.md
uploaded result {'method': 'local', 'dest': 'C:\\projects\\ai\\content_bot\\outbox\\uploaded\\content_20260514T141700Z_8d2e8457.md'}
heartbeat 2026-05-14 09:17:00
generated C:\projects\ai\content_bot\outbox\content_20260514T142200Z_4275cbee.md
uploaded result {'method': 'local', 'dest': 'C:\\projects\\ai\\content_bot\\outbox\\uploaded\\content_20260514T142200Z_4275cbee.md'}
heartbeat 2026-05-14 09:22:00
generated C:\projects\ai\content_bot\outbox\content_20260514T142700Z_af221620.md
uploaded result {'method': 'local', 'dest': 'C:\\projects\\ai\\content_bot\\outbox\\uploaded\\content_20260514T142700Z_af221620.md'}
heartbeat 2026-05-14 09:27:00
generated C:\projects\ai\content_bot\outbox\content_20260514T143200Z_91f6d776.md
uploaded result {'method': 'local', 'dest': 'C:\\projects\\ai\\content_bot\\outbox\\uploaded\\content_20260514T143200Z_91f6d776.md'}
heartbeat 2026-05-14 09:32:00
generated C:\projects\ai\content_bot\outbox\content_20260514T143700Z_9e62a040.md
uploaded result {'method': 'local', 'dest': 'C:\\projects\\ai\\content_bot\\outbox\\uploaded\\content_20260514T143700Z_9e62a040.md'}
heartbeat 2026-05-14 09:37:00
generated C:\projects\ai\content_bot\outbox\content_20260514T144200Z_9f91cb16.md
uploaded result {'method': 'local', 'dest': 'C:\\projects\\ai\\content_bot\\outbox\\uploaded\\content_20260514T144200Z_9f91cb16.md'}
heartbeat 2026-05-14 09:42:00
generated C:\projects\ai\content_bot\outbox\content_20260514T144700Z_6492cd8b.md
uploaded result {'method': 'local', 'dest': 'C:\\projects\\ai\\content_bot\\outbox\\uploaded\\content_20260514T144700Z_6492cd8b.md'}
heartbeat 2026-05-14 09:47:00
generated C:\projects\ai\content_bot\outbox\content_20260514T145200Z_3639441e.md
uploaded result {'method': 'local', 'dest': 'C:\\projects\\ai\\content_bot\\outbox\\uploaded\\content_20260514T145200Z_3639441e.md'}
heartbeat 2026-05-14 09:52:00
generated C:\projects\ai\content_bot\outbox\content_20260514T145700Z_61015d51.md
uploaded result {'method': 'local', 'dest': 'C:\\projects\\ai\\content_bot\\outbox\\uploaded\\content_20260514T145700Z_61015d51.md'}
heartbeat 2026-05-14 09:57:00
generated C:\projects\ai\content_bot\outbox\content_20260514T150200Z_08be7ae4.md
uploaded result {'method': 'local', 'dest': 'C:\\projects\\ai\\content_bot\\outbox\\uploaded\\content_20260514T150200Z_08be7ae4.md'}
heartbeat 2026-05-14 10:02:00
generated C:\projects\ai\content_bot\outbox\content_20260514T150700Z_45dcb655.md
uploaded result {'method': 'local', 'dest': 'C:\\projects\\ai\\content_bot\\outbox\\uploaded\\content_20260514T150700Z_45dcb655.md'}
heartbeat 2026-05-14 10:07:00
generated C:\projects\ai\content_bot\outbox\content_20260514T151200Z_36ea5bc4.md
uploaded result {'method': 'local', 'dest': 'C:\\projects\\ai\\content_bot\\outbox\\uploaded\\content_20260514T151200Z_36ea5bc4.md'}
heartbeat 2026-05-14 10:12:00
generated C:\projects\ai\content_bot\outbox\content_20260514T151700Z_b3ff0be3.md
uploaded result {'method': 'local', 'dest': 'C:\\projects\\ai\\content_bot\\outbox\\uploaded\\content_20260514T151700Z_b3ff0be3.md'}
heartbeat 2026-05-14 10:17:00
generated C:\projects\ai\content_bot\outbox\content_20260514T152200Z_61750549.md
uploaded result {'method': 'local', 'dest': 'C:\\projects\\ai\\content_bot\\outbox\\uploaded\\content_20260514T152200Z_61750549.md'}
heartbeat 2026-05-14 10:22:00
generated C:\projects\ai\content_bot\outbox\content_20260514T152700Z_3b01e9e4.md
uploaded result {'method': 'local', 'dest': 'C:\\projects\\ai\\content_bot\\outbox\\uploaded\\content_20260514T152700Z_3b01e9e4.md'}
heartbeat 2026-05-14 10:27:00
generated C:\projects\ai\content_bot\outbox\content_20260514T153200Z_3357ee1d.md
uploaded result {'method': 'local', 'dest': 'C:\\projects\\ai\\content_bot\\outbox\\uploaded\\content_20260514T153200Z_3357ee1d.md'}
heartbeat 2026-05-14 10:32:00
generated C:\projects\ai\content_bot\outbox\content_20260514T153700Z_8b3d1a6c.md
uploaded result {'method': 'local', 'dest': 'C:\\projects\\ai\\content_bot\\outbox\\uploaded\\content_20260514T153700Z_8b3d1a6c.md'}
heartbeat 2026-05-14 10:37:00
generated C:\projects\ai\content_bot\outbox\content_20260514T154200Z_d62966cf.md
uploaded result {'method': 'local', 'dest': 'C:\\projects\\ai\\content_bot\\outbox\\uploaded\\content_20260514T154200Z_d62966cf.md'}
heartbeat 2026-05-14 10:42:00
generated C:\projects\ai\content_bot\outbox\content_20260514T154700Z_ec6209aa.md
uploaded result {'method': 'local', 'dest': 'C:\\projects\\ai\\content_bot\\outbox\\uploaded\\content_20260514T154700Z_ec6209aa.md'}
heartbeat 2026-05-14 10:47:00
generated C:\projects\ai\content_bot\outbox\content_20260514T155200Z_9105a927.md
uploaded result {'method': 'local', 'dest': 'C:\\projects\\ai\\content_bot\\outbox\\uploaded\\content_20260514T155200Z_9105a927.md'}
heartbeat 2026-05-14 10:52:00
generated C:\projects\ai\content_bot\outbox\content_20260514T155700Z_a67c998a.md
uploaded result {'method': 'local', 'dest': 'C:\\projects\\ai\\content_bot\\outbox\\uploaded\\content_20260514T155700Z_a67c998a.md'}
heartbeat 2026-05-14 10:57:00
generated C:\projects\ai\content_bot\outbox\content_20260514T160200Z_7209487a.md
uploaded result {'method': 'local', 'dest': 'C:\\projects\\ai\\content_bot\\outbox\\uploaded\\content_20260514T160200Z_7209487a.md'}
heartbeat 2026-05-14 11:02:00
generated C:\projects\ai\content_bot\outbox\content_20260514T160700Z_a87c4329.md
uploaded result {'method': 'local', 'dest': 'C:\\projects\\ai\\content_bot\\outbox\\uploaded\\content_20260514T160700Z_a87c4329.md'}
heartbeat 2026-05-14 11:07:00
generated C:\projects\ai\content_bot\outbox\content_20260514T161200Z_33836b79.md
uploaded result {'method': 'local', 'dest': 'C:\\projects\\ai\\content_bot\\outbox\\uploaded\\content_20260514T161200Z_33836b79.md'}
heartbeat 2026-05-14 11:12:00
generated C:\projects\ai\content_bot\outbox\content_20260514T161700Z_e23aba2d.md
uploaded result {'method': 'local', 'dest': 'C:\\projects\\ai\\content_bot\\outbox\\uploaded\\content_20260514T161700Z_e23aba2d.md'}
heartbeat 2026-05-14 11:17:00
generated C:\projects\ai\content_bot\outbox\content_20260514T162200Z_9330f04c.md
uploaded result {'method': 'local', 'dest': 'C:\\projects\\ai\\content_bot\\outbox\\uploaded\\content_20260514T162200Z_9330f04c.md'}
heartbeat 2026-05-14 11:22:00
generated C:\projects\ai\content_bot\outbox\content_20260514T162700Z_de5c2a01.md
uploaded result {'method': 'local', 'dest': 'C:\\projects\\ai\\content_bot\\outbox\\uploaded\\content_20260514T162700Z_de5c2a01.md'}
heartbeat 2026-05-14 11:27:00
generated C:\projects\ai\content_bot\outbox\content_20260514T163200Z_33cae410.md
uploaded result {'method': 'local', 'dest': 'C:\\projects\\ai\\content_bot\\outbox\\uploaded\\content_20260514T163200Z_33cae410.md'}
heartbeat 2026-05-14 11:32:00
generated C:\projects\ai\content_bot\outbox\content_20260514T163700Z_f86f3e1b.md
uploaded result {'method': 'local', 'dest': 'C:\\projects\\ai\\content_bot\\outbox\\uploaded\\content_20260514T163700Z_f86f3e1b.md'}
heartbeat 2026-05-14 11:37:00
generated C:\projects\ai\content_bot\outbox\content_20260514T164200Z_9287ebdc.md
uploaded result {'method': 'local', 'dest': 'C:\\projects\\ai\\content_bot\\outbox\\uploaded\\content_20260514T164200Z_9287ebdc.md'}
heartbeat 2026-05-14 11:42:00
generated C:\projects\ai\content_bot\outbox\content_20260514T164700Z_e55c0ea8.md
uploaded result {'method': 'local', 'dest': 'C:\\projects\\ai\\content_bot\\outbox\\uploaded\\content_20260514T164700Z_e55c0ea8.md'}
heartbeat 2026-05-14 11:47:00
generated C:\projects\ai\content_bot\outbox\content_20260514T165200Z_29a7e016.md
uploaded result {'method': 'local', 'dest': 'C:\\projects\\ai\\content_bot\\outbox\\uploaded\\content_20260514T165200Z_29a7e016.md'}
heartbeat 2026-05-14 11:52:00
generated C:\projects\ai\content_bot\outbox\content_20260514T165700Z_8dbeab25.md
uploaded result {'method': 'local', 'dest': 'C:\\projects\\ai\\content_bot\\outbox\\uploaded\\content_20260514T165700Z_8dbeab25.md'}
heartbeat 2026-05-14 11:57:00
generated C:\projects\ai\content_bot\outbox\content_20260514T170200Z_16e077ad.md
uploaded result {'method': 'local', 'dest': 'C:\\projects\\ai\\content_bot\\outbox\\uploaded\\content_20260514T170200Z_16e077ad.md'}
heartbeat 2026-05-14 12:02:00
generated C:\projects\ai\content_bot\outbox\content_20260514T170700Z_a3227379.md
uploaded result {'method': 'local', 'dest': 'C:\\projects\\ai\\content_bot\\outbox\\uploaded\\content_20260514T170700Z_a3227379.md'}
heartbeat 2026-05-14 12:07:00
generated C:\projects\ai\content_bot\outbox\content_20260514T171200Z_319498b3.md
uploaded result {'method': 'local', 'dest': 'C:\\projects\\ai\\content_bot\\outbox\\uploaded\\content_20260514T171200Z_319498b3.md'}
heartbeat 2026-05-14 12:12:00
generated C:\projects\ai\content_bot\outbox\content_20260514T171700Z_bf88a138.md
uploaded result {'method': 'local', 'dest': 'C:\\projects\\ai\\content_bot\\outbox\\uploaded\\content_20260514T171700Z_bf88a138.md'}
heartbeat 2026-05-14 12:17:00
generated C:\projects\ai\content_bot\outbox\content_20260514T172200Z_23411307.md
uploaded result {'method': 'local', 'dest': 'C:\\projects\\ai\\content_bot\\outbox\\uploaded\\content_20260514T172200Z_23411307.md'}
heartbeat 2026-05-14 12:22:00
generated C:\projects\ai\content_bot\outbox\content_20260514T172700Z_b52194c6.md
uploaded result {'method': 'local', 'dest': 'C:\\projects\\ai\\content_bot\\outbox\\uploaded\\content_20260514T172700Z_b52194c6.md'}
heartbeat 2026-05-14 12:27:00
generated C:\projects\ai\content_bot\outbox\content_20260514T173200Z_de6e3f14.md
uploaded result {'method': 'local', 'dest': 'C:\\projects\\ai\\content_bot\\outbox\\uploaded\\content_20260514T173200Z_de6e3f14.md'}
heartbeat 2026-05-14 12:32:00
generated C:\projects\ai\content_bot\outbox\content_20260514T173700Z_9a9d4965.md
uploaded result {'method': 'local', 'dest': 'C:\\projects\\ai\\content_bot\\outbox\\uploaded\\content_20260514T173700Z_9a9d4965.md'}
heartbeat 2026-05-14 12:37:00
generated C:\projects\ai\content_bot\outbox\content_20260514T174200Z_80d5d3be.md
uploaded result {'method': 'local', 'dest': 'C:\\projects\\ai\\content_bot\\outbox\\uploaded\\content_20260514T174200Z_80d5d3be.md'}
heartbeat 2026-05-14 12:42:00
generated C:\projects\ai\content_bot\outbox\content_20260514T174700Z_83168c78.md
uploaded result {'method': 'local', 'dest': 'C:\\projects\\ai\\content_bot\\outbox\\uploaded\\content_20260514T174700Z_83168c78.md'}
heartbeat 2026-05-14 12:47:00
generated C:\projects\ai\content_bot\outbox\content_20260514T175200Z_14476f6f.md
uploaded result {'method': 'local', 'dest': 'C:\\projects\\ai\\content_bot\\outbox\\uploaded\\content_20260514T175200Z_14476f6f.md'}
heartbeat 2026-05-14 12:52:00
generated C:\projects\ai\content_bot\outbox\content_20260514T175659Z_750fe809.md
uploaded result {'method': 'local', 'dest': 'C:\\projects\\ai\\content_bot\\outbox\\uploaded\\content_20260514T175659Z_750fe809.md'}
heartbeat 2026-05-14 12:56:59
generated C:\projects\ai\content_bot\outbox\content_20260514T180159Z_2078edd9.md
uploaded result {'method': 'local', 'dest': 'C:\\projects\\ai\\content_bot\\outbox\\uploaded\\content_20260514T180159Z_2078edd9.md'}
heartbeat 2026-05-14 13:01:59
generated C:\projects\ai\content_bot\outbox\content_20260514T180659Z_4b0a7209.md
uploaded result {'method': 'local', 'dest': 'C:\\projects\\ai\\content_bot\\outbox\\uploaded\\content_20260514T180659Z_4b0a7209.md'}
heartbeat 2026-05-14 13:06:59
generated C:\projects\ai\content_bot\outbox\content_20260514T181159Z_befd0d52.md
uploaded result {'method': 'local', 'dest': 'C:\\projects\\ai\\content_bot\\outbox\\uploaded\\content_20260514T181159Z_befd0d52.md'}
heartbeat 2026-05-14 13:11:59
generated C:\projects\ai\content_bot\outbox\content_20260514T181659Z_3198546f.md
uploaded result {'method': 'local', 'dest': 'C:\\projects\\ai\\content_bot\\outbox\\uploaded\\content_20260514T181659Z_3198546f.md'}
heartbeat 2026-05-14 13:16:59
generated C:\projects\ai\content_bot\outbox\content_20260514T182159Z_0c7dd44a.md
uploaded result {'method': 'local', 'dest': 'C:\\projects\\ai\\content_bot\\outbox\\uploaded\\content_20260514T182159Z_0c7dd44a.md'}
heartbeat 2026-05-14 13:21:59
generated C:\projects\ai\content_bot\outbox\content_20260514T182659Z_451d71fc.md
uploaded result {'method': 'local', 'dest': 'C:\\projects\\ai\\content_bot\\outbox\\uploaded\\content_20260514T182659Z_451d71fc.md'}
heartbeat 2026-05-14 13:26:59
generated C:\projects\ai\content_bot\outbox\content_20260514T183159Z_e770dfb3.md
uploaded result {'method': 'local', 'dest': 'C:\\projects\\ai\\content_bot\\outbox\\uploaded\\content_20260514T183159Z_e770dfb3.md'}
heartbeat 2026-05-14 13:31:59
generated C:\projects\ai\content_bot\outbox\content_20260514T183659Z_a42f5844.md
uploaded result {'method': 'local', 'dest': 'C:\\projects\\ai\\content_bot\\outbox\\uploaded\\content_20260514T183659Z_a42f5844.md'}
heartbeat 2026-05-14 13:36:59
generated C:\projects\ai\content_bot\outbox\content_20260514T184159Z_c4fb4449.md
uploaded result {'method': 'local', 'dest': 'C:\\projects\\ai\\content_bot\\outbox\\uploaded\\content_20260514T184159Z_c4fb4449.md'}
heartbeat 2026-05-14 13:41:59
generated C:\projects\ai\content_bot\outbox\content_20260514T184659Z_a5c82e77.md
uploaded result {'method': 'local', 'dest': 'C:\\projects\\ai\\content_bot\\outbox\\uploaded\\content_20260514T184659Z_a5c82e77.md'}
heartbeat 2026-05-14 13:46:59
generated C:\projects\ai\content_bot\outbox\content_20260514T185159Z_411743be.md
uploaded result {'method': 'local', 'dest': 'C:\\projects\\ai\\content_bot\\outbox\\uploaded\\content_20260514T185159Z_411743be.md'}
heartbeat 2026-05-14 13:51:59
generated C:\projects\ai\content_bot\outbox\content_20260514T185659Z_9fb53323.md
uploaded result {'method': 'local', 'dest': 'C:\\projects\\ai\\content_bot\\outbox\\uploaded\\content_20260514T185659Z_9fb53323.md'}
heartbeat 2026-05-14 13:56:59
generated C:\projects\ai\content_bot\outbox\content_20260514T190159Z_60c5c9f5.md
uploaded result {'method': 'local', 'dest': 'C:\\projects\\ai\\content_bot\\outbox\\uploaded\\content_20260514T190159Z_60c5c9f5.md'}
heartbeat 2026-05-14 14:01:59
generated C:\projects\ai\content_bot\outbox\content_20260514T190659Z_4512f4ba.md
uploaded result {'method': 'local', 'dest': 'C:\\projects\\ai\\content_bot\\outbox\\uploaded\\content_20260514T190659Z_4512f4ba.md'}
heartbeat 2026-05-14 14:06:59
generated C:\projects\ai\content_bot\outbox\content_20260514T191159Z_36b9673d.md
uploaded result {'method': 'local', 'dest': 'C:\\projects\\ai\\content_bot\\outbox\\uploaded\\content_20260514T191159Z_36b9673d.md'}
heartbeat 2026-05-14 14:11:59
generated C:\projects\ai\content_bot\outbox\content_20260514T191659Z_a2f5820c.md
uploaded result {'method': 'local', 'dest': 'C:\\projects\\ai\\content_bot\\outbox\\uploaded\\content_20260514T191659Z_a2f5820c.md'}
heartbeat 2026-05-14 14:16:59
generated C:\projects\ai\content_bot\outbox\content_20260514T192159Z_10a0a2d9.md
uploaded result {'method': 'local', 'dest': 'C:\\projects\\ai\\content_bot\\outbox\\uploaded\\content_20260514T192159Z_10a0a2d9.md'}
heartbeat 2026-05-14 14:21:59
generated C:\projects\ai\content_bot\outbox\content_20260514T192659Z_5371bdd0.md
uploaded result {'method': 'local', 'dest': 'C:\\projects\\ai\\content_bot\\outbox\\uploaded\\content_20260514T192659Z_5371bdd0.md'}
heartbeat 2026-05-14 14:26:59
generated C:\projects\ai\content_bot\outbox\content_20260514T193159Z_e8e1b00d.md
uploaded result {'method': 'local', 'dest': 'C:\\projects\\ai\\content_bot\\outbox\\uploaded\\content_20260514T193159Z_e8e1b00d.md'}
heartbeat 2026-05-14 14:31:59
generated C:\projects\ai\content_bot\outbox\content_20260514T193659Z_7e124d27.md
uploaded result {'method': 'local', 'dest': 'C:\\projects\\ai\\content_bot\\outbox\\uploaded\\content_20260514T193659Z_7e124d27.md'}
heartbeat 2026-05-14 14:36:59
generated C:\projects\ai\content_bot\outbox\content_20260514T194159Z_c50b080a.md
uploaded result {'method': 'local', 'dest': 'C:\\projects\\ai\\content_bot\\outbox\\uploaded\\content_20260514T194159Z_c50b080a.md'}
heartbeat 2026-05-14 14:41:59
generated C:\projects\ai\content_bot\outbox\content_20260514T194659Z_5cd3066d.md
uploaded result {'method': 'local', 'dest': 'C:\\projects\\ai\\content_bot\\outbox\\uploaded\\content_20260514T194659Z_5cd3066d.md'}
heartbeat 2026-05-14 14:46:59
run_bot.py started content generator
generated C:\projects\ai\content_bot\outbox\content_20260514T194821Z_e1cdc8cc.md
uploaded result {'method': 'local', 'dest': 'C:\\projects\\ai\\content_bot\\outbox\\uploaded\\content_20260514T194821Z_e1cdc8cc.md'}
heartbeat 2026-05-14 14:48:21
generated C:\projects\ai\content_bot\outbox\content_20260514T195321Z_e26e15af.md
uploaded result {'method': 'local', 'dest': 'C:\\projects\\ai\\content_bot\\outbox\\uploaded\\content_20260514T195321Z_e26e15af.md'}
heartbeat 2026-05-14 14:53:21
generated C:\projects\ai\content_bot\outbox\content_20260514T195821Z_cfa88945.md
uploaded result {'method': 'local', 'dest': 'C:\\projects\\ai\\content_bot\\outbox\\uploaded\\content_20260514T195821Z_cfa88945.md'}
heartbeat 2026-05-14 14:58:21
generated C:\projects\ai\content_bot\outbox\content_20260514T200321Z_1bb5578a.md
uploaded result {'method': 'local', 'dest': 'C:\\projects\\ai\\content_bot\\outbox\\uploaded\\content_20260514T200321Z_1bb5578a.md'}
heartbeat 2026-05-14 15:03:21
run_bot.py started content generator
generated C:\projects\ai\content_bot\outbox\content_20260514T200453Z_cf936ab3.md
uploaded result {'method': 'local', 'dest': 'C:\\projects\\ai\\content_bot\\outbox\\uploaded\\content_20260514T200453Z_cf936ab3.md'}
heartbeat 2026-05-14 15:04:53
generated C:\projects\ai\content_bot\outbox\content_20260514T200953Z_84f6b0af.md
uploaded result {'method': 'local', 'dest': 'C:\\projects\\ai\\content_bot\\outbox\\uploaded\\content_20260514T200953Z_84f6b0af.md'}
heartbeat 2026-05-14 15:09:53
generated C:\projects\ai\content_bot\outbox\content_20260514T201453Z_6667cbb3.md
uploaded result {'method': 'local', 'dest': 'C:\\projects\\ai\\content_bot\\outbox\\uploaded\\content_20260514T201453Z_6667cbb3.md'}
heartbeat 2026-05-14 15:14:53
generated C:\projects\ai\content_bot\outbox\content_20260514T201953Z_ee1dd9dd.md
uploaded result {'method': 'local', 'dest': 'C:\\projects\\ai\\content_bot\\outbox\\uploaded\\content_20260514T201953Z_ee1dd9dd.md'}
heartbeat 2026-05-14 15:19:53
generated C:\projects\ai\content_bot\outbox\content_20260514T202453Z_7d3b6aa0.md
uploaded result {'method': 'local', 'dest': 'C:\\projects\\ai\\content_bot\\outbox\\uploaded\\content_20260514T202453Z_7d3b6aa0.md'}
heartbeat 2026-05-14 15:24:53
generated C:\projects\ai\content_bot\outbox\content_20260514T202953Z_9946341f.md
uploaded result {'method': 'local', 'dest': 'C:\\projects\\ai\\content_bot\\outbox\\uploaded\\content_20260514T202953Z_9946341f.md'}
heartbeat 2026-05-14 15:29:53
generated C:\projects\ai\content_bot\outbox\content_20260514T203453Z_328b27cf.md
uploaded result {'method': 'local', 'dest': 'C:\\projects\\ai\\content_bot\\outbox\\uploaded\\content_20260514T203453Z_328b27cf.md'}
heartbeat 2026-05-14 15:34:53
generated C:\projects\ai\content_bot\outbox\content_20260514T203953Z_500afdfe.md
uploaded result {'method': 'local', 'dest': 'C:\\projects\\ai\\content_bot\\outbox\\uploaded\\content_20260514T203953Z_500afdfe.md'}
heartbeat 2026-05-14 15:39:53
generated C:\projects\ai\content_bot\outbox\content_20260514T204453Z_8e90a9eb.md
uploaded result {'method': 'local', 'dest': 'C:\\projects\\ai\\content_bot\\outbox\\uploaded\\content_20260514T204453Z_8e90a9eb.md'}
heartbeat 2026-05-14 15:44:53
generated C:\projects\ai\content_bot\outbox\content_20260514T204953Z_8a8e84eb.md
uploaded result {'method': 'local', 'dest': 'C:\\projects\\ai\\content_bot\\outbox\\uploaded\\content_20260514T204953Z_8a8e84eb.md'}
heartbeat 2026-05-14 15:49:53
generated C:\projects\ai\content_bot\outbox\content_20260514T205453Z_eda9024c.md
uploaded result {'method': 'local', 'dest': 'C:\\projects\\ai\\content_bot\\outbox\\uploaded\\content_20260514T205453Z_eda9024c.md'}
heartbeat 2026-05-14 15:54:53
generated C:\projects\ai\content_bot\outbox\content_20260514T205953Z_b571afea.md
uploaded result {'method': 'local', 'dest': 'C:\\projects\\ai\\content_bot\\outbox\\uploaded\\content_20260514T205953Z_b571afea.md'}
heartbeat 2026-05-14 15:59:53
generated C:\projects\ai\content_bot\outbox\content_20260514T210453Z_015b79ec.md
uploaded result {'method': 'local', 'dest': 'C:\\projects\\ai\\content_bot\\outbox\\uploaded\\content_20260514T210453Z_015b79ec.md'}
heartbeat 2026-05-14 16:04:53
generated C:\projects\ai\content_bot\outbox\content_20260514T210953Z_a9a6b571.md
uploaded result {'method': 'local', 'dest': 'C:\\projects\\ai\\content_bot\\outbox\\uploaded\\content_20260514T210953Z_a9a6b571.md'}
heartbeat 2026-05-14 16:09:53
generated C:\projects\ai\content_bot\outbox\content_20260514T211453Z_b075292a.md
uploaded result {'method': 'local', 'dest': 'C:\\projects\\ai\\content_bot\\outbox\\uploaded\\content_20260514T211453Z_b075292a.md'}
heartbeat 2026-05-14 16:14:53
generated C:\projects\ai\content_bot\outbox\content_20260514T211953Z_2220f998.md
uploaded result {'method': 'local', 'dest': 'C:\\projects\\ai\\content_bot\\outbox\\uploaded\\content_20260514T211953Z_2220f998.md'}
heartbeat 2026-05-14 16:19:53
generated C:\projects\ai\content_bot\outbox\content_20260514T212453Z_f395af08.md
uploaded result {'method': 'local', 'dest': 'C:\\projects\\ai\\content_bot\\outbox\\uploaded\\content_20260514T212453Z_f395af08.md'}
heartbeat 2026-05-14 16:24:53
generated C:\projects\ai\content_bot\outbox\content_20260514T212953Z_7b70a089.md
uploaded result {'method': 'local', 'dest': 'C:\\projects\\ai\\content_bot\\outbox\\uploaded\\content_20260514T212953Z_7b70a089.md'}
heartbeat 2026-05-14 16:29:53
generated C:\projects\ai\content_bot\outbox\content_20260514T213453Z_25160250.md
uploaded result {'method': 'local', 'dest': 'C:\\projects\\ai\\content_bot\\outbox\\uploaded\\content_20260514T213453Z_25160250.md'}
heartbeat 2026-05-14 16:34:53
generated C:\projects\ai\content_bot\outbox\content_20260514T213953Z_eca16ba8.md
uploaded result {'method': 'local', 'dest': 'C:\\projects\\ai\\content_bot\\outbox\\uploaded\\content_20260514T213953Z_eca16ba8.md'}
heartbeat 2026-05-14 16:39:53
generated C:\projects\ai\content_bot\outbox\content_20260514T214453Z_ac2514e0.md
uploaded result {'method': 'local', 'dest': 'C:\\projects\\ai\\content_bot\\outbox\\uploaded\\content_20260514T214453Z_ac2514e0.md'}
heartbeat 2026-05-14 16:44:53
generated C:\projects\ai\content_bot\outbox\content_20260514T214953Z_50b9a0ae.md
uploaded result {'method': 'local', 'dest': 'C:\\projects\\ai\\content_bot\\outbox\\uploaded\\content_20260514T214953Z_50b9a0ae.md'}
heartbeat 2026-05-14 16:49:53
generated C:\projects\ai\content_bot\outbox\content_20260514T215453Z_45a846f3.md
uploaded result {'method': 'local', 'dest': 'C:\\projects\\ai\\content_bot\\outbox\\uploaded\\content_20260514T215453Z_45a846f3.md'}
heartbeat 2026-05-14 16:54:53
generated C:\projects\ai\content_bot\outbox\content_20260514T215953Z_9a8112b3.md
uploaded result {'method': 'local', 'dest': 'C:\\projects\\ai\\content_bot\\outbox\\uploaded\\content_20260514T215953Z_9a8112b3.md'}
heartbeat 2026-05-14 16:59:53
generated C:\projects\ai\content_bot\outbox\content_20260514T220453Z_afcd8254.md
uploaded result {'method': 'local', 'dest': 'C:\\projects\\ai\\content_bot\\outbox\\uploaded\\content_20260514T220453Z_afcd8254.md'}
heartbeat 2026-05-14 17:04:53
generated C:\projects\ai\content_bot\outbox\content_20260514T220953Z_40bbc350.md
uploaded result {'method': 'local', 'dest': 'C:\\projects\\ai\\content_bot\\outbox\\uploaded\\content_20260514T220953Z_40bbc350.md'}
heartbeat 2026-05-14 17:09:53
generated C:\projects\ai\content_bot\outbox\content_20260514T221453Z_f5610efa.md
uploaded result {'method': 'local', 'dest': 'C:\\projects\\ai\\content_bot\\outbox\\uploaded\\content_20260514T221453Z_f5610efa.md'}
heartbeat 2026-05-14 17:14:53
generated C:\projects\ai\content_bot\outbox\content_20260514T221953Z_29715a9c.md
uploaded result {'method': 'local', 'dest': 'C:\\projects\\ai\\content_bot\\outbox\\uploaded\\content_20260514T221953Z_29715a9c.md'}
heartbeat 2026-05-14 17:19:53
generated C:\projects\ai\content_bot\outbox\content_20260514T222453Z_203b099c.md
uploaded result {'method': 'local', 'dest': 'C:\\projects\\ai\\content_bot\\outbox\\uploaded\\content_20260514T222453Z_203b099c.md'}
heartbeat 2026-05-14 17:24:53
generated C:\projects\ai\content_bot\outbox\content_20260514T222953Z_df59c122.md
uploaded result {'method': 'local', 'dest': 'C:\\projects\\ai\\content_bot\\outbox\\uploaded\\content_20260514T222953Z_df59c122.md'}
heartbeat 2026-05-14 17:29:53
generated C:\projects\ai\content_bot\outbox\content_20260514T223453Z_5e34101a.md
uploaded result {'method': 'local', 'dest': 'C:\\projects\\ai\\content_bot\\outbox\\uploaded\\content_20260514T223453Z_5e34101a.md'}
heartbeat 2026-05-14 17:34:53
generated C:\projects\ai\content_bot\outbox\content_20260514T223953Z_7162fbf4.md
uploaded result {'method': 'local', 'dest': 'C:\\projects\\ai\\content_bot\\outbox\\uploaded\\content_20260514T223953Z_7162fbf4.md'}
heartbeat 2026-05-14 17:39:53
generated C:\projects\ai\content_bot\outbox\content_20260514T224453Z_55060847.md
uploaded result {'method': 'local', 'dest': 'C:\\projects\\ai\\content_bot\\outbox\\uploaded\\content_20260514T224453Z_55060847.md'}
heartbeat 2026-05-14 17:44:53
generated C:\projects\ai\content_bot\outbox\content_20260514T224953Z_dc433d70.md
uploaded result {'method': 'local', 'dest': 'C:\\projects\\ai\\content_bot\\outbox\\uploaded\\content_20260514T224953Z_dc433d70.md'}
heartbeat 2026-05-14 17:49:53
generated C:\projects\ai\content_bot\outbox\content_20260514T225453Z_fa9f9036.md
uploaded result {'method': 'local', 'dest': 'C:\\projects\\ai\\content_bot\\outbox\\uploaded\\content_20260514T225453Z_fa9f9036.md'}
heartbeat 2026-05-14 17:54:53
generated C:\projects\ai\content_bot\outbox\content_20260514T225953Z_7913b859.md
uploaded result {'method': 'local', 'dest': 'C:\\projects\\ai\\content_bot\\outbox\\uploaded\\content_20260514T225953Z_7913b859.md'}
heartbeat 2026-05-14 17:59:53
generated C:\projects\ai\content_bot\outbox\content_20260514T230453Z_3f97dd28.md
uploaded result {'method': 'local', 'dest': 'C:\\projects\\ai\\content_bot\\outbox\\uploaded\\content_20260514T230453Z_3f97dd28.md'}
heartbeat 2026-05-14 18:04:53
generated C:\projects\ai\content_bot\outbox\content_20260514T230953Z_b113ce8b.md
uploaded result {'method': 'local', 'dest': 'C:\\projects\\ai\\content_bot\\outbox\\uploaded\\content_20260514T230953Z_b113ce8b.md'}
heartbeat 2026-05-14 18:09:53
generated C:\projects\ai\content_bot\outbox\content_20260514T231452Z_6e5eb560.md
uploaded result {'method': 'local', 'dest': 'C:\\projects\\ai\\content_bot\\outbox\\uploaded\\content_20260514T231452Z_6e5eb560.md'}
heartbeat 2026-05-14 18:14:52
generated C:\projects\ai\content_bot\outbox\content_20260514T231952Z_10e13809.md
uploaded result {'method': 'local', 'dest': 'C:\\projects\\ai\\content_bot\\outbox\\uploaded\\content_20260514T231952Z_10e13809.md'}
heartbeat 2026-05-14 18:19:52
generated C:\projects\ai\content_bot\outbox\content_20260514T232452Z_3b493f85.md
uploaded result {'method': 'local', 'dest': 'C:\\projects\\ai\\content_bot\\outbox\\uploaded\\content_20260514T232452Z_3b493f85.md'}
heartbeat 2026-05-14 18:24:52
generated C:\projects\ai\content_bot\outbox\content_20260514T232952Z_ead5b185.md
uploaded result {'method': 'local', 'dest': 'C:\\projects\\ai\\content_bot\\outbox\\uploaded\\content_20260514T232952Z_ead5b185.md'}
heartbeat 2026-05-14 18:29:52
generated C:\projects\ai\content_bot\outbox\content_20260514T233452Z_1b0de386.md
uploaded result {'method': 'local', 'dest': 'C:\\projects\\ai\\content_bot\\outbox\\uploaded\\content_20260514T233452Z_1b0de386.md'}
heartbeat 2026-05-14 18:34:52
generated C:\projects\ai\content_bot\outbox\content_20260514T233952Z_d8c355b5.md
uploaded result {'method': 'local', 'dest': 'C:\\projects\\ai\\content_bot\\outbox\\uploaded\\content_20260514T233952Z_d8c355b5.md'}
heartbeat 2026-05-14 18:39:52
generated C:\projects\ai\content_bot\outbox\content_20260514T234452Z_29f6ffd5.md
uploaded result {'method': 'local', 'dest': 'C:\\projects\\ai\\content_bot\\outbox\\uploaded\\content_20260514T234452Z_29f6ffd5.md'}
heartbeat 2026-05-14 18:44:52
generated C:\projects\ai\content_bot\outbox\content_20260514T234952Z_0c55f3c2.md
uploaded result {'method': 'local', 'dest': 'C:\\projects\\ai\\content_bot\\outbox\\uploaded\\content_20260514T234952Z_0c55f3c2.md'}
heartbeat 2026-05-14 18:49:52
generated C:\projects\ai\content_bot\outbox\content_20260514T235452Z_a2b4564c.md
uploaded result {'method': 'local', 'dest': 'C:\\projects\\ai\\content_bot\\outbox\\uploaded\\content_20260514T235452Z_a2b4564c.md'}
heartbeat 2026-05-14 18:54:52
generated C:\projects\ai\content_bot\outbox\content_20260514T235952Z_653dbbf8.md
uploaded result {'method': 'local', 'dest': 'C:\\projects\\ai\\content_bot\\outbox\\uploaded\\content_20260514T235952Z_653dbbf8.md'}
heartbeat 2026-05-14 18:59:52
generated C:\projects\ai\content_bot\outbox\content_20260515T000452Z_78625546.md
uploaded result {'method': 'local', 'dest': 'C:\\projects\\ai\\content_bot\\outbox\\uploaded\\content_20260515T000452Z_78625546.md'}
heartbeat 2026-05-14 19:04:52
generated C:\projects\ai\content_bot\outbox\content_20260515T000952Z_e6c7a19d.md
uploaded result {'method': 'local', 'dest': 'C:\\projects\\ai\\content_bot\\outbox\\uploaded\\content_20260515T000952Z_e6c7a19d.md'}
heartbeat 2026-05-14 19:09:52
generated C:\projects\ai\content_bot\outbox\content_20260515T001452Z_74d4985e.md
uploaded result {'method': 'local', 'dest': 'C:\\projects\\ai\\content_bot\\outbox\\uploaded\\content_20260515T001452Z_74d4985e.md'}
heartbeat 2026-05-14 19:14:52
generated C:\projects\ai\content_bot\outbox\content_20260515T001952Z_5fcd6ce2.md
uploaded result {'method': 'local', 'dest': 'C:\\projects\\ai\\content_bot\\outbox\\uploaded\\content_20260515T001952Z_5fcd6ce2.md'}
heartbeat 2026-05-14 19:19:52
generated C:\projects\ai\content_bot\outbox\content_20260515T002452Z_1e2c76f5.md
uploaded result {'method': 'local', 'dest': 'C:\\projects\\ai\\content_bot\\outbox\\uploaded\\content_20260515T002452Z_1e2c76f5.md'}
heartbeat 2026-05-14 19:24:52
generated C:\projects\ai\content_bot\outbox\content_20260515T002952Z_6f79b2c0.md
uploaded result {'method': 'local', 'dest': 'C:\\projects\\ai\\content_bot\\outbox\\uploaded\\content_20260515T002952Z_6f79b2c0.md'}
heartbeat 2026-05-14 19:29:52
generated C:\projects\ai\content_bot\outbox\content_20260515T003452Z_88722fb4.md
uploaded result {'method': 'local', 'dest': 'C:\\projects\\ai\\content_bot\\outbox\\uploaded\\content_20260515T003452Z_88722fb4.md'}
heartbeat 2026-05-14 19:34:52
generated C:\projects\ai\content_bot\outbox\content_20260515T003952Z_3524ff67.md
uploaded result {'method': 'local', 'dest': 'C:\\projects\\ai\\content_bot\\outbox\\uploaded\\content_20260515T003952Z_3524ff67.md'}
heartbeat 2026-05-14 19:39:52
generated C:\projects\ai\content_bot\outbox\content_20260515T004452Z_1f5516d8.md
uploaded result {'method': 'local', 'dest': 'C:\\projects\\ai\\content_bot\\outbox\\uploaded\\content_20260515T004452Z_1f5516d8.md'}
heartbeat 2026-05-14 19:44:52
generated C:\projects\ai\content_bot\outbox\content_20260515T004952Z_9e6c63a5.md
uploaded result {'method': 'local', 'dest': 'C:\\projects\\ai\\content_bot\\outbox\\uploaded\\content_20260515T004952Z_9e6c63a5.md'}
heartbeat 2026-05-14 19:49:52
generated C:\projects\ai\content_bot\outbox\content_20260515T005452Z_7a9ab60a.md
uploaded result {'method': 'local', 'dest': 'C:\\projects\\ai\\content_bot\\outbox\\uploaded\\content_20260515T005452Z_7a9ab60a.md'}
heartbeat 2026-05-14 19:54:52
generated C:\projects\ai\content_bot\outbox\content_20260515T005952Z_246e3f1d.md
uploaded result {'method': 'local', 'dest': 'C:\\projects\\ai\\content_bot\\outbox\\uploaded\\content_20260515T005952Z_246e3f1d.md'}
heartbeat 2026-05-14 19:59:52
generated C:\projects\ai\content_bot\outbox\content_20260515T010452Z_fb40114f.md
uploaded result {'method': 'local', 'dest': 'C:\\projects\\ai\\content_bot\\outbox\\uploaded\\content_20260515T010452Z_fb40114f.md'}
heartbeat 2026-05-14 20:04:52
generated C:\projects\ai\content_bot\outbox\content_20260515T010952Z_79d0abf3.md
uploaded result {'method': 'local', 'dest': 'C:\\projects\\ai\\content_bot\\outbox\\uploaded\\content_20260515T010952Z_79d0abf3.md'}
heartbeat 2026-05-14 20:09:52
generated C:\projects\ai\content_bot\outbox\content_20260515T011452Z_9f10c52e.md
uploaded result {'method': 'local', 'dest': 'C:\\projects\\ai\\content_bot\\outbox\\uploaded\\content_20260515T011452Z_9f10c52e.md'}
heartbeat 2026-05-14 20:14:52
generated C:\projects\ai\content_bot\outbox\content_20260515T011952Z_bbd83e98.md
uploaded result {'method': 'local', 'dest': 'C:\\projects\\ai\\content_bot\\outbox\\uploaded\\content_20260515T011952Z_bbd83e98.md'}
heartbeat 2026-05-14 20:19:52
generated C:\projects\ai\content_bot\outbox\content_20260515T012452Z_d4621b91.md
uploaded result {'method': 'local', 'dest': 'C:\\projects\\ai\\content_bot\\outbox\\uploaded\\content_20260515T012452Z_d4621b91.md'}
heartbeat 2026-05-14 20:24:52
generated C:\projects\ai\content_bot\outbox\content_20260515T012952Z_2984ac04.md
uploaded result {'method': 'local', 'dest': 'C:\\projects\\ai\\content_bot\\outbox\\uploaded\\content_20260515T012952Z_2984ac04.md'}
heartbeat 2026-05-14 20:29:52
generated C:\projects\ai\content_bot\outbox\content_20260515T013452Z_f1bc60e8.md
uploaded result {'method': 'local', 'dest': 'C:\\projects\\ai\\content_bot\\outbox\\uploaded\\content_20260515T013452Z_f1bc60e8.md'}
heartbeat 2026-05-14 20:34:52
generated C:\projects\ai\content_bot\outbox\content_20260515T013952Z_afe5390e.md
uploaded result {'method': 'local', 'dest': 'C:\\projects\\ai\\content_bot\\outbox\\uploaded\\content_20260515T013952Z_afe5390e.md'}
heartbeat 2026-05-14 20:39:52
run_bot.py started content generator
generated C:\projects\ai\content_bot\outbox\content_20260515T014305Z_e2c905af.md
uploaded result {'method': 'local', 'dest': 'C:\\projects\\ai\\content_bot\\outbox\\uploaded\\content_20260515T014305Z_e2c905af.md'}
heartbeat 2026-05-14 20:43:05
run_bot.py started content generator
generated C:\projects\ai\content_bot\outbox\content_20260515T014415Z_15be0684.md
uploaded result {'method': 'local', 'dest': 'C:\\projects\\ai\\content_bot\\outbox\\uploaded\\content_20260515T014415Z_15be0684.md'}
heartbeat 2026-05-14 20:44:15
run_bot.py started content generator
generated C:\projects\ai\content_bot\outbox\content_20260515T014425Z_360c7071.md
uploaded result {'method': 'local', 'dest': 'C:\\projects\\ai\\content_bot\\outbox\\uploaded\\content_20260515T014425Z_360c7071.md'}
heartbeat 2026-05-14 20:44:25
generated C:\projects\ai\content_bot\outbox\content_20260515T014925Z_10dcc45d.md
uploaded result {'method': 'local', 'dest': 'C:\\projects\\ai\\content_bot\\outbox\\uploaded\\content_20260515T014925Z_10dcc45d.md'}
heartbeat 2026-05-14 20:49:25
generated C:\projects\ai\content_bot\outbox\content_20260515T015425Z_59210537.md
uploaded result {'method': 'local', 'dest': 'C:\\projects\\ai\\content_bot\\outbox\\uploaded\\content_20260515T015425Z_59210537.md'}
heartbeat 2026-05-14 20:54:25
generated C:\projects\ai\content_bot\outbox\content_20260515T015925Z_45eb4543.md
uploaded result {'method': 'local', 'dest': 'C:\\projects\\ai\\content_bot\\outbox\\uploaded\\content_20260515T015925Z_45eb4543.md'}
heartbeat 2026-05-14 20:59:25
generated C:\projects\ai\content_bot\outbox\content_20260515T020425Z_232ca2f4.md
uploaded result {'method': 'local', 'dest': 'C:\\projects\\ai\\content_bot\\outbox\\uploaded\\content_20260515T020425Z_232ca2f4.md'}
heartbeat 2026-05-14 21:04:25
generated C:\projects\ai\content_bot\outbox\content_20260515T020925Z_10083887.md
uploaded result {'method': 'local', 'dest': 'C:\\projects\\ai\\content_bot\\outbox\\uploaded\\content_20260515T020925Z_10083887.md'}
heartbeat 2026-05-14 21:09:25
generated C:\projects\ai\content_bot\outbox\content_20260515T021425Z_0b774c82.md
uploaded result {'method': 'local', 'dest': 'C:\\projects\\ai\\content_bot\\outbox\\uploaded\\content_20260515T021425Z_0b774c82.md'}
heartbeat 2026-05-14 21:14:25
generated C:\projects\ai\content_bot\outbox\content_20260515T021925Z_d9cf8863.md
uploaded result {'method': 'local', 'dest': 'C:\\projects\\ai\\content_bot\\outbox\\uploaded\\content_20260515T021925Z_d9cf8863.md'}
heartbeat 2026-05-14 21:19:25
generated C:\projects\ai\content_bot\outbox\content_20260515T022425Z_21934483.md
uploaded result {'method': 'local', 'dest': 'C:\\projects\\ai\\content_bot\\outbox\\uploaded\\content_20260515T022425Z_21934483.md'}
heartbeat 2026-05-14 21:24:25
generated C:\projects\ai\content_bot\outbox\content_20260515T022925Z_a3e20b00.md
uploaded result {'method': 'local', 'dest': 'C:\\projects\\ai\\content_bot\\outbox\\uploaded\\content_20260515T022925Z_a3e20b00.md'}
heartbeat 2026-05-14 21:29:25
generated C:\projects\ai\content_bot\outbox\content_20260515T023425Z_37794b9d.md
uploaded result {'method': 'local', 'dest': 'C:\\projects\\ai\\content_bot\\outbox\\uploaded\\content_20260515T023425Z_37794b9d.md'}
heartbeat 2026-05-14 21:34:25
generated C:\projects\ai\content_bot\outbox\content_20260515T023925Z_9a3c4417.md
uploaded result {'method': 'local', 'dest': 'C:\\projects\\ai\\content_bot\\outbox\\uploaded\\content_20260515T023925Z_9a3c4417.md'}
heartbeat 2026-05-14 21:39:25
generated C:\projects\ai\content_bot\outbox\content_20260515T024425Z_3fc19bd7.md
uploaded result {'method': 'local', 'dest': 'C:\\projects\\ai\\content_bot\\outbox\\uploaded\\content_20260515T024425Z_3fc19bd7.md'}
heartbeat 2026-05-14 21:44:25
generated C:\projects\ai\content_bot\outbox\content_20260515T024925Z_e96a72c0.md
uploaded result {'method': 'local', 'dest': 'C:\\projects\\ai\\content_bot\\outbox\\uploaded\\content_20260515T024925Z_e96a72c0.md'}
heartbeat 2026-05-14 21:49:25
generated C:\projects\ai\content_bot\outbox\content_20260515T025425Z_17b6b947.md
uploaded result {'method': 'local', 'dest': 'C:\\projects\\ai\\content_bot\\outbox\\uploaded\\content_20260515T025425Z_17b6b947.md'}
heartbeat 2026-05-14 21:54:25
generated C:\projects\ai\content_bot\outbox\content_20260515T025925Z_8eae96be.md
uploaded result {'method': 'local', 'dest': 'C:\\projects\\ai\\content_bot\\outbox\\uploaded\\content_20260515T025925Z_8eae96be.md'}
heartbeat 2026-05-14 21:59:25
generated C:\projects\ai\content_bot\outbox\content_20260515T030425Z_b5912742.md
uploaded result {'method': 'local', 'dest': 'C:\\projects\\ai\\content_bot\\outbox\\uploaded\\content_20260515T030425Z_b5912742.md'}
heartbeat 2026-05-14 22:04:25
generated C:\projects\ai\content_bot\outbox\content_20260515T030925Z_3a88da7a.md
uploaded result {'method': 'local', 'dest': 'C:\\projects\\ai\\content_bot\\outbox\\uploaded\\content_20260515T030925Z_3a88da7a.md'}
heartbeat 2026-05-14 22:09:25
generated C:\projects\ai\content_bot\outbox\content_20260515T031425Z_778dea7c.md
uploaded result {'method': 'local', 'dest': 'C:\\projects\\ai\\content_bot\\outbox\\uploaded\\content_20260515T031425Z_778dea7c.md'}
heartbeat 2026-05-14 22:14:25
generated C:\projects\ai\content_bot\outbox\content_20260515T031925Z_23452db4.md
uploaded result {'method': 'local', 'dest': 'C:\\projects\\ai\\content_bot\\outbox\\uploaded\\content_20260515T031925Z_23452db4.md'}
heartbeat 2026-05-14 22:19:25
generated C:\projects\ai\content_bot\outbox\content_20260515T032425Z_101cc7ef.md
uploaded result {'method': 'local', 'dest': 'C:\\projects\\ai\\content_bot\\outbox\\uploaded\\content_20260515T032425Z_101cc7ef.md'}
heartbeat 2026-05-14 22:24:25
generated C:\projects\ai\content_bot\outbox\content_20260515T032925Z_bbcf7f03.md
uploaded result {'method': 'local', 'dest': 'C:\\projects\\ai\\content_bot\\outbox\\uploaded\\content_20260515T032925Z_bbcf7f03.md'}
heartbeat 2026-05-14 22:29:25
generated C:\projects\ai\content_bot\outbox\content_20260515T033425Z_160c66e2.md
uploaded result {'method': 'local', 'dest': 'C:\\projects\\ai\\content_bot\\outbox\\uploaded\\content_20260515T033425Z_160c66e2.md'}
heartbeat 2026-05-14 22:34:25
generated C:\projects\ai\content_bot\outbox\content_20260515T033925Z_ab3722d0.md
uploaded result {'method': 'local', 'dest': 'C:\\projects\\ai\\content_bot\\outbox\\uploaded\\content_20260515T033925Z_ab3722d0.md'}
heartbeat 2026-05-14 22:39:25
generated C:\projects\ai\content_bot\outbox\content_20260515T034425Z_fb5c8e8a.md
uploaded result {'method': 'local', 'dest': 'C:\\projects\\ai\\content_bot\\outbox\\uploaded\\content_20260515T034425Z_fb5c8e8a.md'}
heartbeat 2026-05-14 22:44:25
generated C:\projects\ai\content_bot\outbox\content_20260515T034925Z_00cd77b5.md
uploaded result {'method': 'local', 'dest': 'C:\\projects\\ai\\content_bot\\outbox\\uploaded\\content_20260515T034925Z_00cd77b5.md'}
heartbeat 2026-05-14 22:49:25
generated C:\projects\ai\content_bot\outbox\content_20260515T035425Z_c5fcf46f.md
uploaded result {'method': 'local', 'dest': 'C:\\projects\\ai\\content_bot\\outbox\\uploaded\\content_20260515T035425Z_c5fcf46f.md'}
heartbeat 2026-05-14 22:54:25
generated C:\projects\ai\content_bot\outbox\content_20260515T035925Z_be52b6e7.md
uploaded result {'method': 'local', 'dest': 'C:\\projects\\ai\\content_bot\\outbox\\uploaded\\content_20260515T035925Z_be52b6e7.md'}
heartbeat 2026-05-14 22:59:25
generated C:\projects\ai\content_bot\outbox\content_20260515T040425Z_1416abab.md
uploaded result {'method': 'local', 'dest': 'C:\\projects\\ai\\content_bot\\outbox\\uploaded\\content_20260515T040425Z_1416abab.md'}
heartbeat 2026-05-14 23:04:25
generated C:\projects\ai\content_bot\outbox\content_20260515T040925Z_315d6b12.md
uploaded result {'method': 'local', 'dest': 'C:\\projects\\ai\\content_bot\\outbox\\uploaded\\content_20260515T040925Z_315d6b12.md'}
heartbeat 2026-05-14 23:09:25
generated C:\projects\ai\content_bot\outbox\content_20260515T041425Z_ff29a8be.md
uploaded result {'method': 'local', 'dest': 'C:\\projects\\ai\\content_bot\\outbox\\uploaded\\content_20260515T041425Z_ff29a8be.md'}
heartbeat 2026-05-14 23:14:25
generated C:\projects\ai\content_bot\outbox\content_20260515T041925Z_d5e1cbd4.md
uploaded result {'method': 'local', 'dest': 'C:\\projects\\ai\\content_bot\\outbox\\uploaded\\content_20260515T041925Z_d5e1cbd4.md'}
heartbeat 2026-05-14 23:19:25
generated C:\projects\ai\content_bot\outbox\content_20260515T042425Z_4efa8928.md
uploaded result {'method': 'local', 'dest': 'C:\\projects\\ai\\content_bot\\outbox\\uploaded\\content_20260515T042425Z_4efa8928.md'}
heartbeat 2026-05-14 23:24:25
generated C:\projects\ai\content_bot\outbox\content_20260515T042925Z_f89fa41c.md
uploaded result {'method': 'local', 'dest': 'C:\\projects\\ai\\content_bot\\outbox\\uploaded\\content_20260515T042925Z_f89fa41c.md'}
heartbeat 2026-05-14 23:29:25
generated C:\projects\ai\content_bot\outbox\content_20260515T043425Z_75d47a8b.md
uploaded result {'method': 'local', 'dest': 'C:\\projects\\ai\\content_bot\\outbox\\uploaded\\content_20260515T043425Z_75d47a8b.md'}
heartbeat 2026-05-14 23:34:25
generated C:\projects\ai\content_bot\outbox\content_20260515T043925Z_0684a364.md
uploaded result {'method': 'local', 'dest': 'C:\\projects\\ai\\content_bot\\outbox\\uploaded\\content_20260515T043925Z_0684a364.md'}
heartbeat 2026-05-14 23:39:25
generated C:\projects\ai\content_bot\outbox\content_20260515T044425Z_c50ebc3e.md
uploaded result {'method': 'local', 'dest': 'C:\\projects\\ai\\content_bot\\outbox\\uploaded\\content_20260515T044425Z_c50ebc3e.md'}
heartbeat 2026-05-14 23:44:25
generated C:\projects\ai\content_bot\outbox\content_20260515T044924Z_fcc604a0.md
uploaded result {'method': 'local', 'dest': 'C:\\projects\\ai\\content_bot\\outbox\\uploaded\\content_20260515T044924Z_fcc604a0.md'}
heartbeat 2026-05-14 23:49:24
generated C:\projects\ai\content_bot\outbox\content_20260515T045424Z_5e3bb258.md
uploaded result {'method': 'local', 'dest': 'C:\\projects\\ai\\content_bot\\outbox\\uploaded\\content_20260515T045424Z_5e3bb258.md'}
heartbeat 2026-05-14 23:54:24
generated C:\projects\ai\content_bot\outbox\content_20260515T045924Z_d156d53a.md
uploaded result {'method': 'local', 'dest': 'C:\\projects\\ai\\content_bot\\outbox\\uploaded\\content_20260515T045924Z_d156d53a.md'}
heartbeat 2026-05-14 23:59:24
generated C:\projects\ai\content_bot\outbox\content_20260515T050424Z_e1a495b1.md
uploaded result {'method': 'local', 'dest': 'C:\\projects\\ai\\content_bot\\outbox\\uploaded\\content_20260515T050424Z_e1a495b1.md'}
heartbeat 2026-05-15 00:04:24
generated C:\projects\ai\content_bot\outbox\content_20260515T050924Z_c811684b.md
uploaded result {'method': 'local', 'dest': 'C:\\projects\\ai\\content_bot\\outbox\\uploaded\\content_20260515T050924Z_c811684b.md'}
heartbeat 2026-05-15 00:09:24
generated C:\projects\ai\content_bot\outbox\content_20260515T051424Z_3bb64a32.md
uploaded result {'method': 'local', 'dest': 'C:\\projects\\ai\\content_bot\\outbox\\uploaded\\content_20260515T051424Z_3bb64a32.md'}
heartbeat 2026-05-15 00:14:24
run_bot.py started content generator
generated C:\projects\ai\content_bot\outbox\content_20260515T051905Z_c3c8d072.md
uploaded result {'method': 'local', 'dest': 'C:\\projects\\ai\\content_bot\\outbox\\uploaded\\content_20260515T051905Z_c3c8d072.md'}
heartbeat 2026-05-15 00:19:05
generated C:\projects\ai\content_bot\outbox\content_20260515T052405Z_7d477ff6.md
uploaded result {'method': 'local', 'dest': 'C:\\projects\\ai\\content_bot\\outbox\\uploaded\\content_20260515T052405Z_7d477ff6.md'}
heartbeat 2026-05-15 00:24:05
generated C:\projects\ai\content_bot\outbox\content_20260515T052905Z_db6f5e49.md
uploaded result {'method': 'local', 'dest': 'C:\\projects\\ai\\content_bot\\outbox\\uploaded\\content_20260515T052905Z_db6f5e49.md'}
heartbeat 2026-05-15 00:29:05
generated C:\projects\ai\content_bot\outbox\content_20260515T053405Z_e4d4d99e.md
uploaded result {'method': 'local', 'dest': 'C:\\projects\\ai\\content_bot\\outbox\\uploaded\\content_20260515T053405Z_e4d4d99e.md'}
heartbeat 2026-05-15 00:34:05
generated C:\projects\ai\content_bot\outbox\content_20260515T053905Z_3dd6dddc.md
uploaded result {'method': 'local', 'dest': 'C:\\projects\\ai\\content_bot\\outbox\\uploaded\\content_20260515T053905Z_3dd6dddc.md'}
heartbeat 2026-05-15 00:39:05
generated C:\projects\ai\content_bot\outbox\content_20260515T054405Z_501cdbd6.md
uploaded result {'method': 'local', 'dest': 'C:\\projects\\ai\\content_bot\\outbox\\uploaded\\content_20260515T054405Z_501cdbd6.md'}
heartbeat 2026-05-15 00:44:05
generated C:\projects\ai\content_bot\outbox\content_20260515T054905Z_257e164e.md
uploaded result {'method': 'local', 'dest': 'C:\\projects\\ai\\content_bot\\outbox\\uploaded\\content_20260515T054905Z_257e164e.md'}
heartbeat 2026-05-15 00:49:05
generated C:\projects\ai\content_bot\outbox\content_20260515T055405Z_0c166046.md
uploaded result {'method': 'local', 'dest': 'C:\\projects\\ai\\content_bot\\outbox\\uploaded\\content_20260515T055405Z_0c166046.md'}
heartbeat 2026-05-15 00:54:05
generated C:\projects\ai\content_bot\outbox\content_20260515T055905Z_07797641.md
uploaded result {'method': 'local', 'dest': 'C:\\projects\\ai\\content_bot\\outbox\\uploaded\\content_20260515T055905Z_07797641.md'}
heartbeat 2026-05-15 00:59:05
generated C:\projects\ai\content_bot\outbox\content_20260515T060405Z_179aab0e.md
uploaded result {'method': 'local', 'dest': 'C:\\projects\\ai\\content_bot\\outbox\\uploaded\\content_20260515T060405Z_179aab0e.md'}
heartbeat 2026-05-15 01:04:05
generated C:\projects\ai\content_bot\outbox\content_20260515T060905Z_fc0b8955.md
uploaded result {'method': 'local', 'dest': 'C:\\projects\\ai\\content_bot\\outbox\\uploaded\\content_20260515T060905Z_fc0b8955.md'}
heartbeat 2026-05-15 01:09:05
generated C:\projects\ai\content_bot\outbox\content_20260515T061405Z_1b0a240a.md
uploaded result {'method': 'local', 'dest': 'C:\\projects\\ai\\content_bot\\outbox\\uploaded\\content_20260515T061405Z_1b0a240a.md'}
heartbeat 2026-05-15 01:14:05
generated C:\projects\ai\content_bot\outbox\content_20260515T061905Z_dacf247b.md
uploaded result {'method': 'local', 'dest': 'C:\\projects\\ai\\content_bot\\outbox\\uploaded\\content_20260515T061905Z_dacf247b.md'}
heartbeat 2026-05-15 01:19:05
generated C:\projects\ai\content_bot\outbox\content_20260515T062405Z_c78fa4f8.md
uploaded result {'method': 'local', 'dest': 'C:\\projects\\ai\\content_bot\\outbox\\uploaded\\content_20260515T062405Z_c78fa4f8.md'}
heartbeat 2026-05-15 01:24:05
generated C:\projects\ai\content_bot\outbox\content_20260515T062905Z_7c36965f.md
uploaded result {'method': 'local', 'dest': 'C:\\projects\\ai\\content_bot\\outbox\\uploaded\\content_20260515T062905Z_7c36965f.md'}
heartbeat 2026-05-15 01:29:05
generated C:\projects\ai\content_bot\outbox\content_20260515T063405Z_7e4b852b.md
uploaded result {'method': 'local', 'dest': 'C:\\projects\\ai\\content_bot\\outbox\\uploaded\\content_20260515T063405Z_7e4b852b.md'}
heartbeat 2026-05-15 01:34:05
generated C:\projects\ai\content_bot\outbox\content_20260515T063905Z_cfff60aa.md
uploaded result {'method': 'local', 'dest': 'C:\\projects\\ai\\content_bot\\outbox\\uploaded\\content_20260515T063905Z_cfff60aa.md'}
heartbeat 2026-05-15 01:39:05
generated C:\projects\ai\content_bot\outbox\content_20260515T064405Z_23c895e2.md
uploaded result {'method': 'local', 'dest': 'C:\\projects\\ai\\content_bot\\outbox\\uploaded\\content_20260515T064405Z_23c895e2.md'}
heartbeat 2026-05-15 01:44:05
generated C:\projects\ai\content_bot\outbox\content_20260515T064905Z_0ba0ce81.md
uploaded result {'method': 'local', 'dest': 'C:\\projects\\ai\\content_bot\\outbox\\uploaded\\content_20260515T064905Z_0ba0ce81.md'}
heartbeat 2026-05-15 01:49:05
generated C:\projects\ai\content_bot\outbox\content_20260515T065405Z_bedce365.md
uploaded result {'method': 'local', 'dest': 'C:\\projects\\ai\\content_bot\\outbox\\uploaded\\content_20260515T065405Z_bedce365.md'}
heartbeat 2026-05-15 01:54:05
generated C:\projects\ai\content_bot\outbox\content_20260515T065905Z_82481026.md
uploaded result {'method': 'local', 'dest': 'C:\\projects\\ai\\content_bot\\outbox\\uploaded\\content_20260515T065905Z_82481026.md'}
heartbeat 2026-05-15 01:59:05
generated C:\projects\ai\content_bot\outbox\content_20260515T070405Z_6bce8ed1.md
uploaded result {'method': 'local', 'dest': 'C:\\projects\\ai\\content_bot\\outbox\\uploaded\\content_20260515T070405Z_6bce8ed1.md'}
heartbeat 2026-05-15 02:04:05
generated C:\projects\ai\content_bot\outbox\content_20260515T070905Z_d273bba4.md
uploaded result {'method': 'local', 'dest': 'C:\\projects\\ai\\content_bot\\outbox\\uploaded\\content_20260515T070905Z_d273bba4.md'}
heartbeat 2026-05-15 02:09:05
generated C:\projects\ai\content_bot\outbox\content_20260515T071405Z_4881bbca.md
uploaded result {'method': 'local', 'dest': 'C:\\projects\\ai\\content_bot\\outbox\\uploaded\\content_20260515T071405Z_4881bbca.md'}
heartbeat 2026-05-15 02:14:05
generated C:\projects\ai\content_bot\outbox\content_20260515T071905Z_dd6b0a33.md
uploaded result {'method': 'local', 'dest': 'C:\\projects\\ai\\content_bot\\outbox\\uploaded\\content_20260515T071905Z_dd6b0a33.md'}
heartbeat 2026-05-15 02:19:05
generated C:\projects\ai\content_bot\outbox\content_20260515T072405Z_e3fa6274.md
uploaded result {'method': 'local', 'dest': 'C:\\projects\\ai\\content_bot\\outbox\\uploaded\\content_20260515T072405Z_e3fa6274.md'}
heartbeat 2026-05-15 02:24:05
generated C:\projects\ai\content_bot\outbox\content_20260515T072905Z_c42dce62.md
uploaded result {'method': 'local', 'dest': 'C:\\projects\\ai\\content_bot\\outbox\\uploaded\\content_20260515T072905Z_c42dce62.md'}
heartbeat 2026-05-15 02:29:05
generated C:\projects\ai\content_bot\outbox\content_20260515T073405Z_5f212044.md
uploaded result {'method': 'local', 'dest': 'C:\\projects\\ai\\content_bot\\outbox\\uploaded\\content_20260515T073405Z_5f212044.md'}
heartbeat 2026-05-15 02:34:05
generated C:\projects\ai\content_bot\outbox\content_20260515T073905Z_fb33bddc.md
uploaded result {'method': 'local', 'dest': 'C:\\projects\\ai\\content_bot\\outbox\\uploaded\\content_20260515T073905Z_fb33bddc.md'}
heartbeat 2026-05-15 02:39:05
generated C:\projects\ai\content_bot\outbox\content_20260515T074405Z_23f537af.md
uploaded result {'method': 'local', 'dest': 'C:\\projects\\ai\\content_bot\\outbox\\uploaded\\content_20260515T074405Z_23f537af.md'}
heartbeat 2026-05-15 02:44:05
generated C:\projects\ai\content_bot\outbox\content_20260515T074905Z_9b30575b.md
uploaded result {'method': 'local', 'dest': 'C:\\projects\\ai\\content_bot\\outbox\\uploaded\\content_20260515T074905Z_9b30575b.md'}
heartbeat 2026-05-15 02:49:05
generated C:\projects\ai\content_bot\outbox\content_20260515T075405Z_979a05a3.md
uploaded result {'method': 'local', 'dest': 'C:\\projects\\ai\\content_bot\\outbox\\uploaded\\content_20260515T075405Z_979a05a3.md'}
heartbeat 2026-05-15 02:54:05
generated C:\projects\ai\content_bot\outbox\content_20260515T075905Z_86c39f4a.md
uploaded result {'method': 'local', 'dest': 'C:\\projects\\ai\\content_bot\\outbox\\uploaded\\content_20260515T075905Z_86c39f4a.md'}
heartbeat 2026-05-15 02:59:05
generated C:\projects\ai\content_bot\outbox\content_20260515T080405Z_c08b462b.md
uploaded result {'method': 'local', 'dest': 'C:\\projects\\ai\\content_bot\\outbox\\uploaded\\content_20260515T080405Z_c08b462b.md'}
heartbeat 2026-05-15 03:04:05
generated C:\projects\ai\content_bot\outbox\content_20260515T080905Z_5d0e9394.md
uploaded result {'method': 'local', 'dest': 'C:\\projects\\ai\\content_bot\\outbox\\uploaded\\content_20260515T080905Z_5d0e9394.md'}
heartbeat 2026-05-15 03:09:05
generated C:\projects\ai\content_bot\outbox\content_20260515T081405Z_0d755580.md
uploaded result {'method': 'local', 'dest': 'C:\\projects\\ai\\content_bot\\outbox\\uploaded\\content_20260515T081405Z_0d755580.md'}
heartbeat 2026-05-15 03:14:05
generated C:\projects\ai\content_bot\outbox\content_20260515T105003Z_abac3986.md
uploaded result {'method': 'local', 'dest': 'C:\\projects\\ai\\content_bot\\outbox\\uploaded\\content_20260515T105003Z_abac3986.md'}
heartbeat 2026-05-15 05:50:03
generated C:\projects\ai\content_bot\outbox\content_20260515T134847Z_e3167792.md
uploaded result {'method': 'local', 'dest': 'C:\\projects\\ai\\content_bot\\outbox\\uploaded\\content_20260515T134847Z_e3167792.md'}
heartbeat 2026-05-15 08:48:47
generated C:\projects\ai\content_bot\outbox\content_20260515T135347Z_4c9de17a.md
uploaded result {'method': 'local', 'dest': 'C:\\projects\\ai\\content_bot\\outbox\\uploaded\\content_20260515T135347Z_4c9de17a.md'}
heartbeat 2026-05-15 08:53:47
generated C:\projects\ai\content_bot\outbox\content_20260515T135847Z_eac305e4.md
uploaded result {'method': 'local', 'dest': 'C:\\projects\\ai\\content_bot\\outbox\\uploaded\\content_20260515T135847Z_eac305e4.md'}
heartbeat 2026-05-15 08:58:47
generated C:\projects\ai\content_bot\outbox\content_20260515T140347Z_3efa8ea1.md
uploaded result {'method': 'local', 'dest': 'C:\\projects\\ai\\content_bot\\outbox\\uploaded\\content_20260515T140347Z_3efa8ea1.md'}
heartbeat 2026-05-15 09:03:47
generated C:\projects\ai\content_bot\outbox\content_20260515T140847Z_e5640b31.md
uploaded result {'method': 'local', 'dest': 'C:\\projects\\ai\\content_bot\\outbox\\uploaded\\content_20260515T140847Z_e5640b31.md'}
heartbeat 2026-05-15 09:08:47
generated C:\projects\ai\content_bot\outbox\content_20260515T141347Z_2d906972.md
uploaded result {'method': 'local', 'dest': 'C:\\projects\\ai\\content_bot\\outbox\\uploaded\\content_20260515T141347Z_2d906972.md'}
heartbeat 2026-05-15 09:13:47
generated C:\projects\ai\content_bot\outbox\content_20260515T141847Z_fe0a45c6.md
uploaded result {'method': 'local', 'dest': 'C:\\projects\\ai\\content_bot\\outbox\\uploaded\\content_20260515T141847Z_fe0a45c6.md'}
heartbeat 2026-05-15 09:18:47
generated C:\projects\ai\content_bot\outbox\content_20260515T142347Z_383d9267.md
uploaded result {'method': 'local', 'dest': 'C:\\projects\\ai\\content_bot\\outbox\\uploaded\\content_20260515T142347Z_383d9267.md'}
heartbeat 2026-05-15 09:23:47
generated C:\projects\ai\content_bot\outbox\content_20260515T142847Z_7cbb33a5.md
uploaded result {'method': 'local', 'dest': 'C:\\projects\\ai\\content_bot\\outbox\\uploaded\\content_20260515T142847Z_7cbb33a5.md'}
heartbeat 2026-05-15 09:28:47
generated C:\projects\ai\content_bot\outbox\content_20260515T143347Z_29c0b7fb.md
uploaded result {'method': 'local', 'dest': 'C:\\projects\\ai\\content_bot\\outbox\\uploaded\\content_20260515T143347Z_29c0b7fb.md'}
heartbeat 2026-05-15 09:33:47
generated C:\projects\ai\content_bot\outbox\content_20260515T143847Z_81606252.md
uploaded result {'method': 'local', 'dest': 'C:\\projects\\ai\\content_bot\\outbox\\uploaded\\content_20260515T143847Z_81606252.md'}
heartbeat 2026-05-15 09:38:47
generated C:\projects\ai\content_bot\outbox\content_20260515T144347Z_08a5a9f9.md
uploaded result {'method': 'local', 'dest': 'C:\\projects\\ai\\content_bot\\outbox\\uploaded\\content_20260515T144347Z_08a5a9f9.md'}
heartbeat 2026-05-15 09:43:47
generated C:\projects\ai\content_bot\outbox\content_20260515T144847Z_d67c4572.md
uploaded result {'method': 'local', 'dest': 'C:\\projects\\ai\\content_bot\\outbox\\uploaded\\content_20260515T144847Z_d67c4572.md'}
heartbeat 2026-05-15 09:48:47
generated C:\projects\ai\content_bot\outbox\content_20260515T145347Z_e4cd3c76.md
uploaded result {'method': 'local', 'dest': 'C:\\projects\\ai\\content_bot\\outbox\\uploaded\\content_20260515T145347Z_e4cd3c76.md'}
heartbeat 2026-05-15 09:53:47
generated C:\projects\ai\content_bot\outbox\content_20260515T145847Z_149d5a2e.md
uploaded result {'method': 'local', 'dest': 'C:\\projects\\ai\\content_bot\\outbox\\uploaded\\content_20260515T145847Z_149d5a2e.md'}
heartbeat 2026-05-15 09:58:47
generated C:\projects\ai\content_bot\outbox\content_20260515T150347Z_3e09ef1a.md
uploaded result {'method': 'local', 'dest': 'C:\\projects\\ai\\content_bot\\outbox\\uploaded\\content_20260515T150347Z_3e09ef1a.md'}
heartbeat 2026-05-15 10:03:47
generated C:\projects\ai\content_bot\outbox\content_20260515T150847Z_1ea0cf54.md
uploaded result {'method': 'local', 'dest': 'C:\\projects\\ai\\content_bot\\outbox\\uploaded\\content_20260515T150847Z_1ea0cf54.md'}
heartbeat 2026-05-15 10:08:47
generated C:\projects\ai\content_bot\outbox\content_20260515T151347Z_04b52b42.md
uploaded result {'method': 'local', 'dest': 'C:\\projects\\ai\\content_bot\\outbox\\uploaded\\content_20260515T151347Z_04b52b42.md'}
heartbeat 2026-05-15 10:13:47
generated C:\projects\ai\content_bot\outbox\content_20260515T151847Z_adca8799.md
uploaded result {'method': 'local', 'dest': 'C:\\projects\\ai\\content_bot\\outbox\\uploaded\\content_20260515T151847Z_adca8799.md'}
heartbeat 2026-05-15 10:18:47
generated C:\projects\ai\content_bot\outbox\content_20260515T152347Z_819eea05.md
uploaded result {'method': 'local', 'dest': 'C:\\projects\\ai\\content_bot\\outbox\\uploaded\\content_20260515T152347Z_819eea05.md'}
heartbeat 2026-05-15 10:23:47
generated C:\projects\ai\content_bot\outbox\content_20260515T152847Z_7116554f.md
uploaded result {'method': 'local', 'dest': 'C:\\projects\\ai\\content_bot\\outbox\\uploaded\\content_20260515T152847Z_7116554f.md'}
heartbeat 2026-05-15 10:28:47
generated C:\projects\ai\content_bot\outbox\content_20260515T153347Z_f1900301.md
uploaded result {'method': 'local', 'dest': 'C:\\projects\\ai\\content_bot\\outbox\\uploaded\\content_20260515T153347Z_f1900301.md'}
heartbeat 2026-05-15 10:33:47
generated C:\projects\ai\content_bot\outbox\content_20260515T153847Z_5157b9f1.md
uploaded result {'method': 'local', 'dest': 'C:\\projects\\ai\\content_bot\\outbox\\uploaded\\content_20260515T153847Z_5157b9f1.md'}
heartbeat 2026-05-15 10:38:47
generated C:\projects\ai\content_bot\outbox\content_20260515T154347Z_89d103b5.md
uploaded result {'method': 'local', 'dest': 'C:\\projects\\ai\\content_bot\\outbox\\uploaded\\content_20260515T154347Z_89d103b5.md'}
heartbeat 2026-05-15 10:43:47
generated C:\projects\ai\content_bot\outbox\content_20260515T154847Z_beef1065.md
uploaded result {'method': 'local', 'dest': 'C:\\projects\\ai\\content_bot\\outbox\\uploaded\\content_20260515T154847Z_beef1065.md'}
heartbeat 2026-05-15 10:48:47
generated C:\projects\ai\content_bot\outbox\content_20260515T155347Z_8a3d9b79.md
uploaded result {'method': 'local', 'dest': 'C:\\projects\\ai\\content_bot\\outbox\\uploaded\\content_20260515T155347Z_8a3d9b79.md'}
heartbeat 2026-05-15 10:53:47
generated C:\projects\ai\content_bot\outbox\content_20260515T155847Z_bd0a3afa.md
uploaded result {'method': 'local', 'dest': 'C:\\projects\\ai\\content_bot\\outbox\\uploaded\\content_20260515T155847Z_bd0a3afa.md'}
heartbeat 2026-05-15 10:58:47
generated C:\projects\ai\content_bot\outbox\content_20260515T160347Z_00883f09.md
uploaded result {'method': 'local', 'dest': 'C:\\projects\\ai\\content_bot\\outbox\\uploaded\\content_20260515T160347Z_00883f09.md'}
heartbeat 2026-05-15 11:03:47
generated C:\projects\ai\content_bot\outbox\content_20260515T160847Z_f14cb04d.md
uploaded result {'method': 'local', 'dest': 'C:\\projects\\ai\\content_bot\\outbox\\uploaded\\content_20260515T160847Z_f14cb04d.md'}
heartbeat 2026-05-15 11:08:47
generated C:\projects\ai\content_bot\outbox\content_20260515T161347Z_5c43e6f1.md
uploaded result {'method': 'local', 'dest': 'C:\\projects\\ai\\content_bot\\outbox\\uploaded\\content_20260515T161347Z_5c43e6f1.md'}
heartbeat 2026-05-15 11:13:47
generated C:\projects\ai\content_bot\outbox\content_20260515T161847Z_68e2ff5e.md
uploaded result {'method': 'local', 'dest': 'C:\\projects\\ai\\content_bot\\outbox\\uploaded\\content_20260515T161847Z_68e2ff5e.md'}
heartbeat 2026-05-15 11:18:47
generated C:\projects\ai\content_bot\outbox\content_20260515T162347Z_fd574f26.md
uploaded result {'method': 'local', 'dest': 'C:\\projects\\ai\\content_bot\\outbox\\uploaded\\content_20260515T162347Z_fd574f26.md'}
heartbeat 2026-05-15 11:23:47
generated C:\projects\ai\content_bot\outbox\content_20260515T162847Z_b4c8407c.md
uploaded result {'method': 'local', 'dest': 'C:\\projects\\ai\\content_bot\\outbox\\uploaded\\content_20260515T162847Z_b4c8407c.md'}
heartbeat 2026-05-15 11:28:47
generated C:\projects\ai\content_bot\outbox\content_20260515T163347Z_3b6b4c10.md
uploaded result {'method': 'local', 'dest': 'C:\\projects\\ai\\content_bot\\outbox\\uploaded\\content_20260515T163347Z_3b6b4c10.md'}
heartbeat 2026-05-15 11:33:47
generated C:\projects\ai\content_bot\outbox\content_20260515T163847Z_72e9a81e.md
uploaded result {'method': 'local', 'dest': 'C:\\projects\\ai\\content_bot\\outbox\\uploaded\\content_20260515T163847Z_72e9a81e.md'}
heartbeat 2026-05-15 11:38:47
generated C:\projects\ai\content_bot\outbox\content_20260515T164347Z_2c06e203.md
uploaded result {'method': 'local', 'dest': 'C:\\projects\\ai\\content_bot\\outbox\\uploaded\\content_20260515T164347Z_2c06e203.md'}
heartbeat 2026-05-15 11:43:47
generated C:\projects\ai\content_bot\outbox\content_20260515T164847Z_6260abf2.md
uploaded result {'method': 'local', 'dest': 'C:\\projects\\ai\\content_bot\\outbox\\uploaded\\content_20260515T164847Z_6260abf2.md'}
heartbeat 2026-05-15 11:48:47
generated C:\projects\ai\content_bot\outbox\content_20260515T165347Z_cbb8d264.md
uploaded result {'method': 'local', 'dest': 'C:\\projects\\ai\\content_bot\\outbox\\uploaded\\content_20260515T165347Z_cbb8d264.md'}
heartbeat 2026-05-15 11:53:47
generated C:\projects\ai\content_bot\outbox\content_20260515T165847Z_45484519.md
uploaded result {'method': 'local', 'dest': 'C:\\projects\\ai\\content_bot\\outbox\\uploaded\\content_20260515T165847Z_45484519.md'}
heartbeat 2026-05-15 11:58:47
generated C:\projects\ai\content_bot\outbox\content_20260515T170347Z_705a7318.md
uploaded result {'method': 'local', 'dest': 'C:\\projects\\ai\\content_bot\\outbox\\uploaded\\content_20260515T170347Z_705a7318.md'}
heartbeat 2026-05-15 12:03:47
generated C:\projects\ai\content_bot\outbox\content_20260515T170847Z_0ae6a939.md
uploaded result {'method': 'local', 'dest': 'C:\\projects\\ai\\content_bot\\outbox\\uploaded\\content_20260515T170847Z_0ae6a939.md'}
heartbeat 2026-05-15 12:08:47
generated C:\projects\ai\content_bot\outbox\content_20260515T171347Z_78692308.md
uploaded result {'method': 'local', 'dest': 'C:\\projects\\ai\\content_bot\\outbox\\uploaded\\content_20260515T171347Z_78692308.md'}
heartbeat 2026-05-15 12:13:47
generated C:\projects\ai\content_bot\outbox\content_20260515T171847Z_3e63043a.md
uploaded result {'method': 'local', 'dest': 'C:\\projects\\ai\\content_bot\\outbox\\uploaded\\content_20260515T171847Z_3e63043a.md'}
heartbeat 2026-05-15 12:18:47
generated C:\projects\ai\content_bot\outbox\content_20260515T172347Z_93afe173.md
uploaded result {'method': 'local', 'dest': 'C:\\projects\\ai\\content_bot\\outbox\\uploaded\\content_20260515T172347Z_93afe173.md'}
heartbeat 2026-05-15 12:23:47
generated C:\projects\ai\content_bot\outbox\content_20260515T172847Z_1b3c976b.md
uploaded result {'method': 'local', 'dest': 'C:\\projects\\ai\\content_bot\\outbox\\uploaded\\content_20260515T172847Z_1b3c976b.md'}
heartbeat 2026-05-15 12:28:47
generated C:\projects\ai\content_bot\outbox\content_20260515T173347Z_c38dccdf.md
uploaded result {'method': 'local', 'dest': 'C:\\projects\\ai\\content_bot\\outbox\\uploaded\\content_20260515T173347Z_c38dccdf.md'}
heartbeat 2026-05-15 12:33:47
generated C:\projects\ai\content_bot\outbox\content_20260515T173847Z_78102e04.md
uploaded result {'method': 'local', 'dest': 'C:\\projects\\ai\\content_bot\\outbox\\uploaded\\content_20260515T173847Z_78102e04.md'}
heartbeat 2026-05-15 12:38:47
generated C:\projects\ai\content_bot\outbox\content_20260515T174347Z_6d274d00.md
uploaded result {'method': 'local', 'dest': 'C:\\projects\\ai\\content_bot\\outbox\\uploaded\\content_20260515T174347Z_6d274d00.md'}
heartbeat 2026-05-15 12:43:47
generated C:\projects\ai\content_bot\outbox\content_20260515T174847Z_7d0f9185.md
uploaded result {'method': 'local', 'dest': 'C:\\projects\\ai\\content_bot\\outbox\\uploaded\\content_20260515T174847Z_7d0f9185.md'}
heartbeat 2026-05-15 12:48:47
generated C:\projects\ai\content_bot\outbox\content_20260515T175347Z_9efe41b1.md
uploaded result {'method': 'local', 'dest': 'C:\\projects\\ai\\content_bot\\outbox\\uploaded\\content_20260515T175347Z_9efe41b1.md'}
heartbeat 2026-05-15 12:53:47
generated C:\projects\ai\content_bot\outbox\content_20260515T175847Z_19722199.md
uploaded result {'method': 'local', 'dest': 'C:\\projects\\ai\\content_bot\\outbox\\uploaded\\content_20260515T175847Z_19722199.md'}
heartbeat 2026-05-15 12:58:47
generated C:\projects\ai\content_bot\outbox\content_20260515T180347Z_c7ffab46.md
uploaded result {'method': 'local', 'dest': 'C:\\projects\\ai\\content_bot\\outbox\\uploaded\\content_20260515T180347Z_c7ffab46.md'}
heartbeat 2026-05-15 13:03:47
generated C:\projects\ai\content_bot\outbox\content_20260515T180847Z_03b8bceb.md
uploaded result {'method': 'local', 'dest': 'C:\\projects\\ai\\content_bot\\outbox\\uploaded\\content_20260515T180847Z_03b8bceb.md'}
heartbeat 2026-05-15 13:08:47
generated C:\projects\ai\content_bot\outbox\content_20260515T181347Z_0ae72012.md
uploaded result {'method': 'local', 'dest': 'C:\\projects\\ai\\content_bot\\outbox\\uploaded\\content_20260515T181347Z_0ae72012.md'}
heartbeat 2026-05-15 13:13:47
generated C:\projects\ai\content_bot\outbox\content_20260515T181847Z_cfb80eb5.md
uploaded result {'method': 'local', 'dest': 'C:\\projects\\ai\\content_bot\\outbox\\uploaded\\content_20260515T181847Z_cfb80eb5.md'}
heartbeat 2026-05-15 13:18:47
generated C:\projects\ai\content_bot\outbox\content_20260515T182347Z_e92eb9c0.md
uploaded result {'method': 'local', 'dest': 'C:\\projects\\ai\\content_bot\\outbox\\uploaded\\content_20260515T182347Z_e92eb9c0.md'}
heartbeat 2026-05-15 13:23:47
generated C:\projects\ai\content_bot\outbox\content_20260515T182847Z_fdb7343a.md
uploaded result {'method': 'local', 'dest': 'C:\\projects\\ai\\content_bot\\outbox\\uploaded\\content_20260515T182847Z_fdb7343a.md'}
heartbeat 2026-05-15 13:28:47
generated C:\projects\ai\content_bot\outbox\content_20260515T183347Z_463e8eec.md
uploaded result {'method': 'local', 'dest': 'C:\\projects\\ai\\content_bot\\outbox\\uploaded\\content_20260515T183347Z_463e8eec.md'}
heartbeat 2026-05-15 13:33:47
generated C:\projects\ai\content_bot\outbox\content_20260515T183847Z_75650c2e.md
uploaded result {'method': 'local', 'dest': 'C:\\projects\\ai\\content_bot\\outbox\\uploaded\\content_20260515T183847Z_75650c2e.md'}
heartbeat 2026-05-15 13:38:47
generated C:\projects\ai\content_bot\outbox\content_20260515T184347Z_dbb54ca2.md
uploaded result {'method': 'local', 'dest': 'C:\\projects\\ai\\content_bot\\outbox\\uploaded\\content_20260515T184347Z_dbb54ca2.md'}
heartbeat 2026-05-15 13:43:47
generated C:\projects\ai\content_bot\outbox\content_20260515T184847Z_497966d1.md
uploaded result {'method': 'local', 'dest': 'C:\\projects\\ai\\content_bot\\outbox\\uploaded\\content_20260515T184847Z_497966d1.md'}
heartbeat 2026-05-15 13:48:47
generated C:\projects\ai\content_bot\outbox\content_20260515T185347Z_0dc57fac.md
uploaded result {'method': 'local', 'dest': 'C:\\projects\\ai\\content_bot\\outbox\\uploaded\\content_20260515T185347Z_0dc57fac.md'}
heartbeat 2026-05-15 13:53:47
generated C:\projects\ai\content_bot\outbox\content_20260515T185847Z_92f9355c.md
uploaded result {'method': 'local', 'dest': 'C:\\projects\\ai\\content_bot\\outbox\\uploaded\\content_20260515T185847Z_92f9355c.md'}
heartbeat 2026-05-15 13:58:47
generated C:\projects\ai\content_bot\outbox\content_20260515T190347Z_4f4002f1.md
uploaded result {'method': 'local', 'dest': 'C:\\projects\\ai\\content_bot\\outbox\\uploaded\\content_20260515T190347Z_4f4002f1.md'}
heartbeat 2026-05-15 14:03:47
generated C:\projects\ai\content_bot\outbox\content_20260515T190847Z_a8406a3d.md
uploaded result {'method': 'local', 'dest': 'C:\\projects\\ai\\content_bot\\outbox\\uploaded\\content_20260515T190847Z_a8406a3d.md'}
heartbeat 2026-05-15 14:08:47
generated C:\projects\ai\content_bot\outbox\content_20260515T191347Z_0bd12bfe.md
uploaded result {'method': 'local', 'dest': 'C:\\projects\\ai\\content_bot\\outbox\\uploaded\\content_20260515T191347Z_0bd12bfe.md'}
heartbeat 2026-05-15 14:13:47
generated C:\projects\ai\content_bot\outbox\content_20260515T191847Z_c52fac88.md
uploaded result {'method': 'local', 'dest': 'C:\\projects\\ai\\content_bot\\outbox\\uploaded\\content_20260515T191847Z_c52fac88.md'}
heartbeat 2026-05-15 14:18:47
generated C:\projects\ai\content_bot\outbox\content_20260515T192347Z_65a60eec.md
uploaded result {'method': 'local', 'dest': 'C:\\projects\\ai\\content_bot\\outbox\\uploaded\\content_20260515T192347Z_65a60eec.md'}
heartbeat 2026-05-15 14:23:47
generated C:\projects\ai\content_bot\outbox\content_20260515T192847Z_48dbb811.md
uploaded result {'method': 'local', 'dest': 'C:\\projects\\ai\\content_bot\\outbox\\uploaded\\content_20260515T192847Z_48dbb811.md'}
heartbeat 2026-05-15 14:28:47
generated C:\projects\ai\content_bot\outbox\content_20260515T193347Z_b58a5286.md
uploaded result {'method': 'local', 'dest': 'C:\\projects\\ai\\content_bot\\outbox\\uploaded\\content_20260515T193347Z_b58a5286.md'}
heartbeat 2026-05-15 14:33:47
generated C:\projects\ai\content_bot\outbox\content_20260515T193847Z_58bb5211.md
uploaded result {'method': 'local', 'dest': 'C:\\projects\\ai\\content_bot\\outbox\\uploaded\\content_20260515T193847Z_58bb5211.md'}
heartbeat 2026-05-15 14:38:47
generated C:\projects\ai\content_bot\outbox\content_20260515T194347Z_c8486d1c.md
uploaded result {'method': 'local', 'dest': 'C:\\projects\\ai\\content_bot\\outbox\\uploaded\\content_20260515T194347Z_c8486d1c.md'}
heartbeat 2026-05-15 14:43:47
generated C:\projects\ai\content_bot\outbox\content_20260515T194847Z_f2a19748.md
uploaded result {'method': 'local', 'dest': 'C:\\projects\\ai\\content_bot\\outbox\\uploaded\\content_20260515T194847Z_f2a19748.md'}
heartbeat 2026-05-15 14:48:47
generated C:\projects\ai\content_bot\outbox\content_20260515T195347Z_d80d2280.md
uploaded result {'method': 'local', 'dest': 'C:\\projects\\ai\\content_bot\\outbox\\uploaded\\content_20260515T195347Z_d80d2280.md'}
heartbeat 2026-05-15 14:53:47
generated C:\projects\ai\content_bot\outbox\content_20260515T195847Z_989c2d0f.md
uploaded result {'method': 'local', 'dest': 'C:\\projects\\ai\\content_bot\\outbox\\uploaded\\content_20260515T195847Z_989c2d0f.md'}
heartbeat 2026-05-15 14:58:47
